零食大礼包小吃休闲食品小一箱整女生充饥夜宵网红猪饲料新年礼物,¥139.80,贝格美食品专营店,月销 3.91万
三晋御品奶枣零食巴旦木薛夹心奶芙网红奶酪红枣小炒货杏仁记夹杏,¥17.80,三晋御品旗舰店,月销 17.23万
进口糖果大礼包送女朋友年货节礼物儿童新年会伴手礼品零食礼盒装,¥298.00,如胜旗舰店,月销 622
零食大礼包麻辣味网红小吃休闲食品卤味肉类充饥夜宵整箱鸭脖年货,¥48.00,东成食品专营,月销 14.65万
思乡山手撕大辣片湖南麻辣网红零食辣条小吃儿时怀旧豆皮特产豆干,¥27.89,博宇食品专营店,月销 1.19万
麻辣王子辣条零食小吃大礼包儿时怀旧面筋整箱麻辣味辣条休闲食品,¥24.90,麻辣王子旗舰店,月销 6.72万
网红零食大礼包无零0蔗糖健康轻食低无糖精卡脂热量全家桶 5桶装,¥280.00,轻食兽旗舰店,月销 1366
酸辣无骨鸡爪柠檬网红去骨泡椒凤爪脱骨袋装即食罐装熟食小吃零食,¥129.00,山中涧旗舰店,月销 11.61万
四川牛肉干耗牛风干手撕牦牛肉干500g内蒙古西藏特产正宗麻辣零食,¥199.00,认食牛旗舰店,月销 2.74万
ffit8代餐能量蛋白棒乳清粥粉饱腹早餐食品蛋白运动代餐棒,¥299.00,ffit8旗舰店,月销 1.28万
奥利奥巧克力夹心饼干威化礼盒多口味散装儿童网红零食大礼包整箱,¥130.00,亿滋官方旗舰店,月销 1.16万
零食大礼包网红小吃休闲食品麻辣味卤味肉类充饥夜宵整箱鸭脖零食,¥49.00,里奈零食旗舰店,月销 7039
酸辣无骨鸡爪罐装网红去骨柠檬凤爪泡椒脱骨即食零食卤味小吃熟食,¥68.00,甄味尚旗舰店,月销 19.25万
老香斋沙琪玛年货送礼好吃零食老式字号手工糕点小吃上海特产美食,¥59.90,老香斋食品旗舰店,月销 6102
贪吃嘴零食大礼包自热火锅肉食类充饥夜宵休闲食品送女友整箱混装,¥59.88,深圳市贪吃嘴零食,月销 355
8090后怀旧小时候的零食品狗牙儿比萨卷锅巴25g*20包休闲膨化小吃,¥12.10,考拉窝零食铺,月销 1.79万
米多奇烤香馍片馍丁40包整箱早餐食品烤馍馒头片饼干批发零食,¥44.80,米多奇食品旗舰店,月销 3.15万
王上靖江特产猪肉脯干1斤5斤肉铺蜜汁味500g散装香辣味整箱零食,¥36.90,王上食品专营店,月销 8.85万
王小卤虎皮凤爪网红小吃休闲零食鸡爪子即食辣卤味熟食真空200g*2,¥99.80,王小卤旗舰店,月销 7.94万
绝艺鸭货零食大礼包麻辣味网红小吃休闲食品充饥夜宵整箱即食美食,¥39.90,绝艺食品旗舰店,月销 4.24万
麻辣王子辣条地道网红麻辣湖南特产小零食儿时怀旧大礼包休闲食品,¥17.90,麻辣王子旗舰店,月销 3.60万
AromaTruffle新加坡星级黑松露薯片原味芝士味组合薯片零食100g*2,¥168.00,AromaTruffle海外旗舰店,月销 55
统一那街那巷麻辣牛肉105g卤味零食休闲解馋小吃夜宵充饥熟食方便,¥22.50,统一官方旗舰店,月销 0
坚果零食大礼包一整箱宿舍充饥夜宵送女生年货小吃休闲食品礼盒装,¥60.00,多滋熊旗舰店,月销 526
阿q熊爆浆果汁软糖 混合水果味夹心QQ糖果网红零食结婚喜糖混散装,¥27.20,阿q熊食品旗舰店,月销 1.44万
欧包全麦面包无糖精麻薯紫米芋泥无油早餐速食懒人网红蛋糕零食品,¥58.00,遇见谷语,月销 2.04万
零食大礼包休闲食品网红小吃辣条充饥夜宵整箱女混装礼包年货送人,¥202.00,美味演绎旗舰店,月销 3063
虎皮凤爪鸡爪卤味零食网红小吃无骨鸡爪即食熟食五香独立袋装整箱,¥169.00,山中涧旗舰店,月销 800
tango 印尼威化饼干巧克力夹心进口咔咔脆米160g*2多口味网红零食,¥45.00,tango奥朗探戈旗舰店,月销 7448
不二家官方旗舰店新品牛奶妹夹芯小圆100g单盒零食甜点下午茶圣诞,¥25.00,不二家官方旗舰店,月销 2484
二阳手工小麻花袋装网红零食小吃休闲食品充饥夜宵整箱海苔味包邮,¥19.90,二阳旗舰店,月销 3.61万
宏亚77松塔千层酥30个礼盒装台湾进口零食特产蜜兰诺网红饼干糕点,¥68.00,骏腾食品专营店,月销 1328
宝宝馋了儿童零食彩蔬小奶豆果蔬小馒头单盒送12月+婴儿幼儿食谱,¥39.00,宝宝馋了旗舰店,月销 7637
被芝士包围的一天！芝士脆薄饼！咔呲！226g一点咸一点甜！花呆呆,¥23.80,花呆呆后厨养生零食店,月销 1.10万
【短保新鲜】轩妈家蛋黄酥红豆味55g*6枚休闲零食小吃礼盒糕点,¥45.00,天猫超市,月销 1.95万
岩烧乳酪吐司面包整箱小蛋糕零食品休闲早餐速食懒人充饥夜宵代餐,¥30.00,比比赞旗舰店,月销 2.50万
3盒韩国进口Doritos多力多滋蒜蓉番茄酱味三角玉米片蘸酱网红零食,¥46.80,牧美野食品专营店,月销 1051
思梦源香酥脆枣独立小包装500克无核嘎嘣脆零食方烘干无油酥脆,¥10.90,思梦源旗舰店,月销 2.07万
亿滋奥利奥精灵宝可梦皮卡丘零食大礼包巧脆卷巧心结夹心饼干整箱,¥79.00,亿滋官方旗舰店,月销 310
米多奇烤馍片馍丁饼干散装多口味馒头片网红小吃零食充饥夜宵整箱,¥29.80,湖南百信食品专营店,月销 8769
巧克力散装糖果网红麦丽素年货小零食批发置办春节（代可可脂）,¥79.00,食远旗舰店,月销 8053
9.9尝鲜包邮统一小浣熊甜蜜菓膨化零食休闲巧克力炼乳咸蛋黄6袋,¥24.00,统一官方旗舰店,月销 0
宁波舟山烤虾干特大虾干去壳去虾线即食凤尾虾干孕妇零食熟食小吃,¥139.50,三角舟旗舰店,月销 372
资野雪花酥网红手工小吃儿时糕点点心抹茶儿童休闲零食蛋黄酥饼干,¥58.00,资野旗舰店,月销 1455
盐津铺子麻辣味零食大礼包小吃鱼豆腐组合装一整箱豆干休闲食品,¥45.90,盐津铺子食品旗舰店,月销 2704
Earth's Best爱思贝美国进口婴幼儿辅食佐餐泥果泥菜泥113g*4罐,¥195.00,earthsbest旗舰店,月销 202
松灵12月新货手剥巴西松子500g小包袋装特级特大颗粒散装坚果年货,¥134.00,松灵食品旗舰店,月销 1.64万
Earth's Best爱思贝进口婴幼儿辅食宝宝佐餐泥果泥菜泥113g*12罐,¥390.00,earthsbest旗舰店,月销 63
乡吧佬风味鸭腿五香腿100g*10袋休闲卤味香辣鸡腿零食整箱,¥52.40,花姑娘美食屋,月销 1002
Gerber嘉宝有机原味营养米粉宝宝辅食米粉225G 乐友,¥82.00,乐友官方旗舰店,月销 13
芒果干大袋500g蜜饯芒果片2斤装水果干一斤袋装整箱零食散装包邮,¥39.80,堂天下旗舰店,月销 1.27万
金恩凡提酥脆猪油渣猪肉渣干炸脆皮五花肉粕脂渣零食即食肉食熟食,¥44.00,金恩食品专营店,月销 1.58万
猫山王新鲜泰国金枕头进口水果榴莲当季包邮曼尼榴莲甲仑冷冻3斤,¥129.00,成成零食馆,月销 0
浅茶家盒子蛋糕慕斯网红零食小千层芋泥甜品生日抹茶糕点提拉米苏,¥78.00,浅茶家旗舰店,月销 7961
欣荣荣留香展翅25g*40袋8090后怀旧办公室休闲小零食薯片小吃批发,¥10.00,君雅食品专营店,月销 4487
不二家官方旗舰店零食圣诞大礼包套餐水果棒糖软糖奶糖女生礼物,¥90.80,不二家官方旗舰店,月销 1067
圣诞麦丽素桶装黑色巧克力豆零食小包装520g休闲糖果（代可可脂）,¥59.00,食远旗舰店,月销 1351
好主人猫咪零食猫零食礼包白肉罐头85g*12火腿肠湿粮小鱼干,¥273.20,好主人旗舰店,月销 28
健达奇趣蛋6颗儿童零食生日礼物盒 礼盒生日礼物,¥73.00,kinder健达旗舰店,月销 475
新货东北松子大颗粒500g散装特大开口松子手剥松子原味松子坚果,¥188.00,益可利旗舰店,月销 9792
【周黑鸭旗舰店_锁鲜】卤鸭脖320g 甜辣味藤椒味武汉特产休闲零食,¥37.80,周黑鸭食品旗舰店,月销 6410
诚有味风干烤脖42g嘿呀糖醋熟食小吃整根零食手撕非鸭脖子鸭锁骨,¥52.80,诚有味食品旗舰店,月销 6599
五香酱牛肉熟食真空开袋即食牛腱子卤味腱子肉健身冷吃零食卤牛肉,¥158.00,罗生记旗舰店,月销 1744
酥脆猪油渣干炸五花肉脆皮猪肉渣粕脂渣温州特产100g休闲零食小吃,¥38.00,甄味尚旗舰店,月销 4.28万
Loncy/萝西2盒装冻干草莓夹心白巧克力抹茶味牛奶网红办公室零食,¥118.00,萝西旗舰店,月销 773
乡乡嘴小鱼仔香辣小鱼干湖南特产毛毛鱼小包装即食麻辣鱼干盒装,¥25.90,乡乡嘴旗舰店,月销 4348
宏香记手撕牛肉豆脯散装称重500g小包装散装食品办公休闲零食福建,¥72.00,宏香记旗舰店,月销 2132
张飞豆干夹心豆卷四川成都特产手撕豆干小包装小零食手磨豆干香辣,¥32.80,平仁食品专营店,月销 4591
糖果小零食nimm2二宝夹心果汁糖硬糖水果糖110g吃的糖果批发散装,¥39.00,STORCK海外旗舰店,月销 115
零食大礼包麻辣网红小吃肉类充饥夜宵一整箱礼盒耐吃休闲食品鸭脖,¥59.00,湘山红食品旗舰店,月销 508
菜师傅辣子鸡200g重庆麻辣鸡丁鸡肉零食小吃真空袋装鸡腿零食鸡块,¥59.60,菜师傅旗舰店,月销 0
麻薯干吃汤圆水果味糯米糍适合父母好吃的零食排行榜充饥夜宵整箱,¥22.20,小木果食品专营店,月销 7551
薇娅推荐卡尔顿港式鸡蛋仔蛋糕糕点零食营养学生早餐速食面包整箱,¥59.00,卡尔顿旗舰店,月销 14.86万
麻钻农坊 台湾特产八仙果整粒 许益堂柚子参整颗 越陈越香可珍藏,¥62.00,麻钻农坊旗舰店,月销 67
蜀道香大礼包牛肉干四川成都特产小吃麻辣牛肉辣味小零食年货礼盒,¥298.60,蜀道香食品旗舰店,月销 2765
吃完火锅怎么能不吃一颗 四季都不化 冻干冰糖葫芦 花呆呆后厨,¥19.80,花呆呆后厨养生零食店,月销 2812
牛肉片内蒙古特产手撕风干牛肉干五香辣风味散装零食小吃500g包邮,¥88.90,d[s595529866],月销 402
温州特产手工传统糕点桂花糕糯米糕网红零食夹心糕小米糕食品包邮,¥25.00,吴玉源旗舰店,月销 7.45万
味爱说说香辣碎碎鸭100g卤味零食酱板鸭湖南特产香辣袋装手撕鸭,¥19.90,味爱说说旗舰店,月销 95
海苔夹心脆紫菜大片装即食芝麻夹心海苔罐装宝宝儿童孕妇网红零食,¥69.00,鱼醉美食品专营店,月销 7285
雪海梅乡话梅545g组合4罐装清平乐蜜饯果干果脯零食酸梅子梅肉,¥75.00,雪海梅乡旗舰店,月销 1617
牛浪汉麻辣牛肉干 重庆特产四川夜宵零食小吃泡椒孜然牛肉 流浪汉,¥43.80,牛浪汉旗舰店,月销 3058
开口娃小麻花零食小袋装单独包装椒盐味红糖蜂蜜休闲食品零食小吃,¥19.80,湖南百信食品专营店,月销 9090
正宗安徽特产黄山烧饼梅干菜扣肉酥饼网红美食糕点心饼干零食小吃,¥48.00,徽味和旗舰店,月销 4.63万
酥脆猪油渣零食猪肉渣油渣子特产粕干炸油炸脆皮五花肉香酥脂渣,¥33.80,满铺食品专营店,月销 3568
轩妈家芝士酥6枚 蛋黄酥芝士雪媚娘麻薯新鲜糕点美食早餐零食小吃,¥99.00,轩妈食品旗舰店,月销 3.37万
玩铁猩猩鸡腿肉即食健身食品6袋装增肌高蛋白代餐鸡肉零食鸡腿,¥59.90,玩铁猩猩旗舰店,月销 1218
舞粮烤馍片多口味馍干零食独立包装代餐养胃馒头片整箱早餐饼干,¥19.90,舞粮旗舰店,月销 8036
四川特产眉山东坡园苕丝糖460g袋装红薯糖传统糕点办公室零食小吃,¥19.80,平仁食品专营店,月销 2749
丹麦风味曲奇饼干礼盒600g圣诞节礼物年货送礼走亲戚置办春节零食,¥88.00,优尚优品零食屋,月销 228
手工香酥小麻花休闲零食单独包装小袋装充饥小吃食品散装混合口味,¥24.80,博宇食品专营店,月销 4283
送女生朋友的零食大礼包异地恋荤素一箱猪饲料超大圣诞节混装整箱,¥106.00,榛睡鼠精选商城,月销 21
妙蕾曲奇饼干礼盒装 ins网红零食小吃甜品大礼包蔓越莓曲奇饼干,¥208.00,妙蕾钱朵朵的手工,月销 26
老香斋鸡仔饼腐乳饼干年货零食正宗手工老式小吃广东特产美食字号,¥69.00,老香斋食品旗舰店,月销 4177
徐福记米格玛岩板烧500g多口味薄脆饼干散装零食糕点混合装大礼包,¥26.80,诚我食品专营店,月销 0
Delishoux蝶丽酥曲奇饼干礼盒23枚巧克力燕麦抹茶送礼零食点心,¥169.00,delishoux食品旗舰店,月销 57
tatawa夹心爆浆曲奇饼干榛子巧克力多口味120g熬夜零食独立小包装,¥12.80,tatawa旗舰店,月销 0
【粒上皇-甘栗仁80g】燕山熟栗板栗仁休闲零食坚果干果特产,¥29.80,粒上皇旗舰店,月销 3.19万
比比妙新货临安山核桃仁小核桃仁肉3罐装原味儿童孕妇零食坚果仁,¥88.00,比比妙旗舰店,月销 7.37万
横岭湖魔芋爽脆素毛肚散装香辣麻辣20包即食辣条办公休闲小吃零食,¥15.80,横岭湖食品旗舰店,月销 567
每日混合坚果零食大礼包组合礼盒装一整箱年货送礼品夜宵小吃充饥,¥208.00,御派豪情旗舰店,月销 1976
黑芝麻花生酥糖500g老式糕点心传统手工芝麻糖年货孕妇零食包邮,¥58.00,美味天使旗舰店,月销 175
1盒装自选【周黑鸭_锁鲜】卤鸭脖鸭锁骨鸭翅鸭掌套餐武汉特产零食,¥39.90,周黑鸭官方自营店,月销 5.81万
【冷帮主】全店满3袋包邮！麻辣猪中排骨即食熟食卤肉类零食150g,¥29.80,冷帮主旗舰店,月销 2571
正宗上海三牛饼干三牛特色香葱酥香葱皇万年青小吃零食品3斤包邮,¥29.80,一亩园 上海特产,月销 535
四川麻辣兔腿自贡特产香辣兔肉小吃兔头即食冷吃兔熟食兔子肉零食,¥38.00,焱选旗舰店,月销 6007
风干牛肉干四川特产内蒙古超干手撕牦牛肉干500g西藏耗牛麻辣零食,¥189.00,享农园旗舰店,月销 7.50万
法丽兹网红好吃零食大礼包抹茶夹心饼干曲奇零食小吃休闲食品一箱,¥89.00,法丽兹食品旗舰店,月销 1.12万
【小鹿蓝蓝_益生菌酸奶溶豆】溶豆豆宝宝零食送6个月婴儿食谱一岁,¥79.80,小鹿蓝蓝旗舰店,月销 6.29万
零食大礼包肉食类充饥夜宵混合辣味网红零食小吃耐吃整箱休闲食品,¥79.80,味多食品专营店,月销 207
日本进口雅玛萨蟹肉棒蟹足棒低脂手撕蟹柳即食花开时雨海鲜零食45,¥16.50,梵魅优品,月销 6
小样酸q糖果汁软糖uouo橡皮糖儿童零食袋装批发网红糖果高颜值,¥79.90,小样官方旗舰店,月销 706
中华老字号三凤桥精品酱排骨真空盒装肉类零食卤味小吃无锡特产,¥49.50,三凤桥旗舰店,月销 1987
甘源-蟹黄味瓜子仁蚕豆青豌豆925g 可以吃很久的超市零食独立小包,¥74.40,甘源旗舰店,月销 6944
整箱2斤装坚果巧克力威化饼干多口味零食小吃休闲食品小包装1000g,¥37.80,觅食友,月销 1.28万
无骨鸡爪即食袋装麻辣味140g吃货零食卤味去骨鸡脚脱骨香辣凤爪子,¥29.80,小小鸟食品专营店,月销 646
韩国进口ivenet艾唯倪米饼无糖精添加宝宝零食非婴儿辅食磨牙饼干,¥38.00,艾唯倪库克专卖店,月销 142
黄山烧饼 梅干菜扣肉酥饼小零食网红美食小吃糕点心安徽特产,¥38.00,昱城食品旗舰店,月销 87
乐奈爆浆曲奇休闲食品多口味饼干散装布朗尼巧克力夹心网红小零食,¥36.80,乐奈旗舰店,月销 870
湘满天香辣鱼排26g*20包湖南特产麻辣零食小吃网红熟食鱼块鱼尾,¥30.00,湘满天旗舰店,月销 1000
黄山烧饼 梅干菜扣肉酥饼小零食网红美食小吃糕点心安徽特产,¥38.00,昱城食品旗舰店,月销 87
乐奈爆浆曲奇休闲食品多口味饼干散装布朗尼巧克力夹心网红小零食,¥36.80,乐奈旗舰店,月销 870
湘满天香辣鱼排26g*20包湖南特产麻辣零食小吃网红熟食鱼块鱼尾,¥30.00,湘满天旗舰店,月销 1000
诺梵年货零食大礼包春节送礼松露黑巧克力糖果礼盒装（代可可脂）,¥89.00,诺梵旗舰店,月销 23.40万
常盛蛋黄酥雪媚娘芝士流心酥奶黄酥皮早餐营养网红糕点办公室零食,¥19.99,常盛食品旗舰店,月销 393
Loncy/萝西纯可可脂100%黑巧克力豆无糖纯黑健身低糖罐装散装零食,¥139.80,萝西旗舰店,月销 573
脆升升香脆薯条20g*12袋海皇蜂蜜黄油 脆生生薯片零食食品大礼包,¥71.80,脆升升食品旗舰店,月销 6034
佐冷馋麻辣兔腿四川特产自贡冷吃兔肉成都香辣手撕兔熟食零食兔头,¥39.60,佐冷馋旗舰店,月销 3725
IMINT益美滋糖果无糖薄荷糖500g200g零食招待圈圈糖喜糖散装 批发,¥19.90,imint极动专卖店,月销 210
圣诞情人节零食大礼包一箱整箱女生混装猪饲料实惠网红进口小吃,¥29.90,楚韵香特产零食店,月销 33
牛肚小零食包装200g卤味即食麻辣毛肚五香牛肉熟食真空零食下酒菜,¥39.60,丽塔丝食品旗舰店,月销 444
知味观艾草青团网红蛋黄肉松糯米子杭州特产糕点零食小吃休闲食品,¥13.00,知味观官方旗舰店,月销 9458
台湾樱桃爷爷网红推荐北海道牛轧糖盒装150g糖果零食伴手,¥105.00,樱桃爷爷食品旗舰店,月销 124
【60个1.8斤】 徽城记正宗黄山烧饼早餐零食梅干菜扣肉饼糕点小吃,¥63.80,徽城记旗舰店,月销 1615
雾岭山白巧山楂豆网红天津酸奶巧克力山楂球代可可脂零食罐装238g,¥29.80,雾岭山旗舰店,月销 1.85万
知味观绿豆糕杭州特产桂花绿豆饼糕点小礼盒老式传统美食抹茶零食,¥29.90,知味观官方旗舰店,月销 1.01万
宏佳来 内蒙古风干牛肉干成都特产熟食休闲零食小吃五香麻辣袋装,¥14.90,宏佳来牛肉零食工厂店,月销 176
千丝奶香蒸蛋糕整箱早餐手撕吐司软面包休闲小零食品无糖港荣孕妇,¥13.90,成成零食馆,月销 0
鲁小吉虎皮凤爪网红小吃休闲零食鸡爪子即食辣卤味熟食真空160g袋,¥59.90,鲁小吉旗舰店,月销 141
趣麦坊蜂巢鸡蛋煎饼饼干散装零食一整箱早餐礼盒装小熊办公室儿童,¥45.80,趣麦坊食品旗舰店,月销 1104
奶枣手工杏心巴旦木网红奶酪枣夹心枣奶芙杏仁年货小零食枣有杏心,¥59.90,悠然时光食品专营店,月销 8.15万
日本进口tirol松尾巧克力什锦多彩夹心27枚圣诞礼盒礼物网红零食,¥33.80,和风细语进口食品,月销 1208
牛肉片手撕风干牛肉干内蒙古特产五香风味零食休闲小吃500g包邮,¥88.90,d[s298338255],月销 1638
浏乡零食小吃休闲食品蚕豆零食兰花豆牛肉味蟹黄味小包装香酥散装,¥39.80,浏乡食品旗舰店,月销 1.65万
tatawa进口夹心爆浆榛子巧克力多口味曲奇饼干办公室零食70g包装,¥14.80,tatawa旗舰店,月销 0
源香斋艾草青团蛋黄肉松网红糯米团清明节糕点多口味即食零食小吃,¥17.90,源香斋食品,月销 31
恰味道大片麻辣牛肉熟食真空120g美食休闲即食肉食好吃的卤味零食,¥39.80,小小鸟食品专营店,月销 126
鸿宝祥禾 松仁奶皮酥 传统手工小吃天津特产糕点心网红零食250g,¥29.00,鸿宝祥禾旗舰店,月销 3696
源氏大刀肉辣条零食儿时怀旧老式网红麻辣小包装90后小时候的味道,¥39.90,源氏食品旗舰店,月销 391
旺旺大礼包650g巨型旺仔零食混合礼盒组合装918g年货团购节日送礼,¥40.60,添美喜庆,月销 80
20包德国进口knoppers威化饼干牛奶榛子巧克力5层夹心脆500g零食,¥22.80,牧美野食品专营店,月销 1055
桶装跳跳糖结婚喜糖散装童年怀旧水果糖学生创意小零食过年货批发,¥66.00,汕泰食品专营店,月销 2148
小胡鸭锁鲜香辣蒜香味无骨凤爪网红去骨鸡爪脱骨带骨400g休闲食品,¥31.80,小胡鸭食品旗舰店,月销 6047
AKOKO经典小花曲奇饼干礼盒进口黄油手工高颜值 网红零食送礼560g,¥376.00,AKOKO烘焙旗舰店,月销 8401
红豆面包糖尿人无糖精老人小零食品蛋糕糖尿饼病人早餐整箱专用,¥59.60,知心奶奶食品专营店,月销 1.25万
麦丽素桶装168g零食怀旧黑巧克力球糖果麦芽脆心球儿童休闲食品,¥14.90,旺帝食品贸易,月销 15
优品康奶枣网红零食杏心夹心枣薛巴旦木小炒货记杏仁纯手工奶酪枣,¥99.00,optimcom优品康旗舰店,月销 4101
费列罗Rocher金球榛果威化巧克力15粒圣诞平安夜新年春节送礼表白,¥71.50,费列罗官方旗舰店,月销 1.32万
猪饲料圣诞零食大礼包男女辣条充饥夜宵整箱麻辣卤味小吃休闲食品,¥168.00,唐孕旗舰店,月销 1224
无骨鸡爪柠檬酸辣网红去骨拆骨泡椒凤爪即食小零食麻辣味藤椒鸡爪,¥46.80,蟹百味旗舰店,月销 9510
张飞豆干夹心豆卷四川成都特产手撕豆干小包装小零食手磨豆干香辣,¥32.80,平仁食品专营店,月销 4591
手工秋梨膏棒棒糖无糖精儿童宝宝健康零食品可搭润喉化痰止咳润肺,¥50.00,健元堂旗舰店,月销 2.48万
功夫小鸭KFDUCK水果条零食儿童果蔬味果条软糯果肉条30支组合装,¥44.90,功夫小鸭旗舰店,月销 563
五香酱牛肉熟食真空即食卤味腱子肉健身代餐冷吃零食牛腱子卤牛肉,¥168.00,喜双清旗舰店,月销 2494
安徽特产正宗黄山烧饼60个梅干菜扣肉饼手工美食小吃零食糕点,¥49.00,徽味和旗舰店,月销 1443
台湾礼坊曲奇糕点饼干年货大礼包礼盒装定制新过年走亲戚送礼宏亚,¥288.00,海味淘食品专营店,月销 173
2斤多味瓜子焦糖味瓜子袋装散装5斤葵花子零食坚果炒货焦糖瓜子,¥38.00,恰童年食品旗舰店,月销 4880
甜苦瓜 咸蛋黄纯奶手撕面包 奶香夹心吐司手工营养早餐休闲零食品,¥11.00,甜苦瓜食品旗舰店,月销 10.84万
玉峰网红辣条儿时经典香辣蹄筋味校园麻辣流口水的小零食童年怀旧,¥25.00,玉峰食品旗舰店,月销 5695
鸿宝祥禾 舌尖上的中国3贵妃饼天津特产枣泥糕点传统老式零食点心,¥49.00,鸿宝祥禾旗舰店,月销 6299
藏智艺 灯影牛肉丝四川特产麻辣味休闲食品零食熟食真空袋装100g,¥44.20,藏智艺企业店,月销 105
南宋胡记桃酥原味核桃酥传统零食饼干杭州特产年货礼盒12枚X2盒装,¥72.00,南宋胡记旗舰店,月销 3.13万
小梅屋梅子自由组合 休闲零食网红酸话梅子干蜂蜜梅饼清平乐蜜饯,¥25.00,小梅屋旗舰店,月销 8318
王上严选靖江特产猪肉脯500g猪肉铺干散装整箱网红休闲小吃零食品,¥32.80,王上严选食品旗舰店,月销 9.36万
猪蹄熟食猪头肉真空卤味即食猪脚猪肘子酱猪蹄子耳朵尾巴肉食零食,¥27.80,丽塔丝食品旗舰店,月销 6635
自然派牛肉脯75g手撕风干炭烧蜜汁牛肉干肉条零食小吃单独小包装,¥15.80,自然派旗舰店,月销 3572
倍利客台湾风味米饼米果卷棒酥整箱休闲膨化零食品儿童饼干大礼包,¥15.00,倍利客康谐专卖店,月销 2120
佳宝九制陈皮八仙果丹小罐65克低脂童年老鼠屎华华丹儿时怀旧零食,¥9.90,天猫超市,月销 5015
新货开心果500g大颗粒原味袋装批发价散装干果坚果仁年货零食250g,¥6.90,博森食品专营店,月销 391
新货临安山核桃仁小核桃肉独立包装袋装原味奶油孕妇宝宝坚果零食,¥79.10,锦杨食品,月销 8954
