[{"confirmed": "1", "died": "0", "crued": "1", "relativeTime": "1609257600", "confirmedRelative": "0", "diedRelative": "0", "curedRelative": "0", "asymptomaticRelative": "0", "asymptomatic": "0", "curConfirm": "0", "curConfirmRelative": "0", "icuDisable": "1", "area": "\u897f\u85cf", "subList": [{"city": "\u62c9\u8428", "confirmed": "1", "died": "0", "crued": "1", "confirmedRelative": "0", "curConfirm": "0", "cityCode": "100"}]}, {"confirmed": "46", "died": "0", "crued": "46", "relativeTime": "1609257600", "confirmedRelative": "0", "diedRelative": "0", "curedRelative": "0", "asymptomaticRelative": "", "curConfirm": "0", "curConfirmRelative": "0", "cityCode": "2911", "icuDisable": "1", "area": "\u6fb3\u95e8", "subList": []}, {"confirmed": "18", "died": "0", "crued": "18", "relativeTime": "1609171200", "confirmedRelative": "0", "diedRelative": "0", "curedRelative": "0", "asymptomaticRelative": "0", "asymptomatic": "0", "curConfirm": "0", "curConfirmRelative": "0", "icuDisable": "1", "area": "\u9752\u6d77", "subList": [{"city": "\u897f\u5b81", "confirmed": "15", "died": "0", "crued": "15", "confirmedRelative": "", "curConfirm": "0", "cityCode": "66"}, {"city": "\u6d77\u5317\u5dde", "confirmed": "3", "died": "0", "crued": "3", "confirmedRelative": "", "curConfirm": "0", "cityCode": "67"}]}, {"confirmed": "797", "died": "7", "crued": "666", "relativeTime": "1609257600", "confirmedRelative": "2", "diedRelative": "0", "curedRelative": "5", "asymptomaticRelative": "", "curConfirm": "124", "curConfirmRelative": "-3", "icuDisable": "1", "area": "\u53f0\u6e7e", "subList": []}, {"confirmed": "8778", "died": "147", "crued": "7722", "relativeTime": "1609257600", "confirmedRelative": "54", "diedRelative": "4", "curedRelative": "106", "asymptomaticRelative": "", "curConfirm": "909", "curConfirmRelative": "-56", "cityCode": "2912", "icuDisable": "1", "area": "\u9999\u6e2f", "subList": []}, {"confirmed": "147", "died": "2", "crued": "145", "relativeTime": "1609257600", "confirmedRelative": "0", "diedRelative": "0", "curedRelative": "0", "asymptomaticRelative": "0", "asymptomatic": "0", "curConfirm": "0", "curConfirmRelative": "0", "icuDisable": "1", "area": "\u8d35\u5dde", "subList": [{"city": "\u516d\u76d8\u6c34", "confirmed": "10", "died": "1", "crued": "9", "confirmedRelative": "0", "curConfirm": "0", "cityCode": "147"}, {"city": "\u6bd5\u8282\u5730\u533a", "confirmed": "23", "died": "", "crued": "23", "confirmedRelative": "0", "curConfirm": "0", "cityCode": "206"}, {"city": "\u9ed4\u897f\u5357\u5dde", "confirmed": "4", "died": "", "crued": "4", "confirmedRelative": "0", "curConfirm": "0", "cityCode": "343"}, {"city": "\u9ed4\u5357\u5dde", "confirmed": "17", "died": "", "crued": "17", "confirmedRelative": "0", "curConfirm": "0", "cityCode": "306"}, {"city": "\u9ed4\u4e1c\u5357\u5dde", "confirmed": "10", "died": "", "crued": "10", "confirmedRelative": "0", "curConfirm": "0", "cityCode": "342"}, {"city": "\u8d35\u9633", "confirmed": "36", "died": "1", "crued": "35", "confirmedRelative": "0", "curConfirm": "0", "cityCode": "146"}, {"city": "\u94dc\u4ec1\u5730\u533a", "confirmed": "10", "died": "", "crued": "10", "confirmedRelative": "0", "curConfirm": "0", "cityCode": "205"}, {"city": "\u9075\u4e49", "confirmed": "32", "died": "", "crued": "32", "confirmedRelative": "0", "curConfirm": "0", "cityCode": "262"}, {"city": "\u5b89\u987a", "confirmed": "4", "died": "", "crued": "4", "confirmedRelative": "0", "curConfirm": "0", "cityCode": "263"}, {"city": "\u8d35\u5b89\u65b0\u533a", "confirmed": "0", "died": "", "crued": "0", "confirmedRelative": "0", "curConfirm": "0"}, {"city": "\u5883\u5916\u8f93\u5165", "confirmed": "1", "died": "", "crued": "1", "confirmedRelative": "0", "curConfirm": "0"}]}, {"confirmed": "157", "died": "2", "crued": "155", "relativeTime": "1609257600", "confirmedRelative": "0", "diedRelative": "0", "curedRelative": "0", "asymptomaticRelative": "0", "asymptomatic": "0", "curConfirm": "0", "curConfirmRelative": "0", "icuDisable": "1", "area": "\u5409\u6797", "subList": [{"city": "\u5ef6\u8fb9", "confirmed": "5", "died": "", "crued": "5", "confirmedRelative": "0", "curConfirm": "0", "cityCode": "54"}, {"city": "\u56db\u5e73", "confirmed": "17", "died": "1", "crued": "16", "confirmedRelative": "0", "curConfirm": "0", "cityCode": "56"}, {"city": "\u901a\u5316", "confirmed": "6", "died": "", "crued": "6", "confirmedRelative": "0", "curConfirm": "0", "cityCode": "165"}, {"city": "\u5409\u6797\u5e02", "confirmed": "48", "died": "1", "crued": "47", "confirmedRelative": "0", "curConfirm": "0", "cityCode": "55"}, {"city": "\u516c\u4e3b\u5cad", "confirmed": "6", "died": "", "crued": "6", "confirmedRelative": "0", "curConfirm": "0"}, {"city": "\u677e\u539f", "confirmed": "2", "died": "", "crued": "2", "confirmedRelative": "0", "curConfirm": "0", "cityCode": "52"}, {"city": "\u957f\u6625", "confirmed": "45", "died": "", "crued": "45", "confirmedRelative": "0", "curConfirm": "0", "cityCode": "53"}, {"city": "\u8fbd\u6e90", "confirmed": "7", "died": "", "crued": "7", "confirmedRelative": "0", "curConfirm": "0", "cityCode": "183"}, {"city": "\u767d\u57ce", "confirmed": "1", "died": "", "crued": "1", "confirmedRelative": "0", "curConfirm": "0", "cityCode": "51"}, {"city": "\u6885\u6cb3\u53e3", "confirmed": "1", "died": "", "crued": "1", "confirmedRelative": "0", "curConfirm": "0"}, {"city": "\u767d\u5c71", "confirmed": "0", "died": "", "crued": "0", "confirmedRelative": "0", "curConfirm": "0", "cityCode": "57"}, {"city": "\u5883\u5916\u8f93\u5165", "confirmed": "19", "died": "", "crued": "19", "confirmedRelative": "0", "curConfirm": "0"}]}, {"confirmed": "980", "died": "3", "crued": "977", "relativeTime": "1609257600", "confirmedRelative": "0", "diedRelative": "0", "curedRelative": "0", "asymptomaticRelative": "0", "asymptomatic": "0", "curConfirm": "0", "curConfirmRelative": "0", "icuDisable": "1", "area": "\u65b0\u7586", "subList": [{"city": "\u4e4c\u9c81\u6728\u9f50", "confirmed": "845", "died": "", "crued": "845", "confirmedRelative": "0", "curConfirm": "0", "cityCode": "92"}, {"city": "\u7b2c\u4e03\u5e08", "confirmed": "1", "died": "", "crued": "1", "confirmedRelative": "0", "curConfirm": "0"}, {"city": "\u7b2c\u516b\u5e08", "confirmed": "4", "died": "1", "crued": "3", "confirmedRelative": "0", "curConfirm": "0"}, {"city": "\u5410\u9c81\u756a\u5730\u533a", "confirmed": "3", "died": "", "crued": "3", "confirmedRelative": "0", "curConfirm": "0", "cityCode": "89"}, {"city": "\u4f0a\u7281\u5dde", "confirmed": "18", "died": "", "crued": "18", "confirmedRelative": "0", "curConfirm": "0", "cityCode": "90"}, {"city": "\u963f\u514b\u82cf\u5730\u533a", "confirmed": "1", "died": "", "crued": "1", "confirmedRelative": "0", "curConfirm": "0", "cityCode": "85"}, {"city": "\u7b2c\u4e5d\u5e08", "confirmed": "4", "died": "1", "crued": "3", "confirmedRelative": "0", "curConfirm": "0"}, {"city": "\u660c\u5409\u5dde", "confirmed": "5", "died": "", "crued": "5", "confirmedRelative": "0", "curConfirm": "0", "cityCode": "93"}, {"city": "\u7b2c\u516d\u5e08", "confirmed": "2", "died": "", "crued": "2", "confirmedRelative": "0", "curConfirm": "0"}, {"city": "\u5df4\u97f3\u90ed\u695e\u8499\u53e4\u81ea\u6cbb\u5dde", "confirmed": "3", "died": "", "crued": "3", "confirmedRelative": "0", "curConfirm": "0", "cityCode": "86"}, {"city": "\u7b2c\u5341\u4e8c\u5e08", "confirmed": "3", "died": "", "crued": "3", "confirmedRelative": "0", "curConfirm": "0"}, {"city": "\u7b2c\u56db\u5e08", "confirmed": "10", "died": "1", "crued": "9", "confirmedRelative": "0", "curConfirm": "0"}, {"city": "\u5580\u4ec0\u5730\u533a", "confirmed": "80", "died": "", "crued": "80", "confirmedRelative": "0", "curConfirm": "0", "cityCode": "83"}, {"city": "\u5f85\u786e\u8ba4", "confirmed": "1", "died": "", "crued": "1", "confirmedRelative": "0", "curConfirm": "0"}]}, {"confirmed": "75", "died": "0", "crued": "75", "relativeTime": "1609257600", "confirmedRelative": "0", "diedRelative": "0", "curedRelative": "0", "asymptomaticRelative": "0", "asymptomatic": "0", "curConfirm": "0", "curConfirmRelative": "0", "icuDisable": "1", "area": "\u5b81\u590f", "subList": [{"city": "\u4e2d\u536b", "confirmed": "3", "died": "", "crued": "3", "confirmedRelative": "0", "curConfirm": "0", "cityCode": "181"}, {"city": "\u5434\u5fe0", "confirmed": "28", "died": "", "crued": "28", "confirmedRelative": "0", "curConfirm": "0", "cityCode": "322"}, {"city": "\u94f6\u5ddd", "confirmed": "34", "died": "", "crued": "34", "confirmedRelative": "0", "curConfirm": "0", "cityCode": "360"}, {"city": "\u5b81\u4e1c\u7ba1\u59d4\u4f1a", "confirmed": "1", "died": "", "crued": "1", "confirmedRelative": "0", "curConfirm": "0"}, {"city": "\u56fa\u539f", "confirmed": "5", "died": "", "crued": "5", "confirmedRelative": "0", "curConfirm": "0", "cityCode": "246"}, {"city": "\u77f3\u5634\u5c71", "confirmed": "1", "died": "", "crued": "1", "confirmedRelative": "0", "curConfirm": "0", "cityCode": "335"}, {"city": "\u5883\u5916\u8f93\u5165", "confirmed": "3", "died": "", "crued": "3", "confirmedRelative": "0", "curConfirm": "0"}]}, {"confirmed": "364", "died": "1", "crued": "340", "relativeTime": "1609257600", "confirmedRelative": "3", "diedRelative": "0", "curedRelative": "1", "asymptomaticRelative": "0", "asymptomatic": "0", "curConfirm": "23", "curConfirmRelative": "2", "icuDisable": "1", "area": "\u5185\u8499\u53e4", "subList": [{"city": "\u9521\u6797\u90ed\u52d2\u76df", "confirmed": "9", "died": "", "crued": "9", "confirmedRelative": "0", "curConfirm": "0", "cityCode": "63"}, {"city": "\u5305\u5934", "confirmed": "11", "died": "", "crued": "11", "confirmedRelative": "0", "curConfirm": "0", "cityCode": "229"}, {"city": "\u547c\u4f26\u8d1d\u5c14", "confirmed": "35", "died": "", "crued": "35", "confirmedRelative": "0", "curConfirm": "0", "cityCode": "61"}, {"city": "\u547c\u548c\u6d69\u7279", "confirmed": "7", "died": "", "crued": "7", "confirmedRelative": "0", "curConfirm": "0", "cityCode": "321"}, {"city": "\u5174\u5b89\u76df", "confirmed": "1", "died": "", "crued": "1", "confirmedRelative": "0", "curConfirm": "0", "cityCode": "62"}, {"city": "\u5df4\u5f66\u6dd6\u5c14", "confirmed": "8", "died": "1", "crued": "7", "confirmedRelative": "0", "curConfirm": "0", "cityCode": "169"}, {"city": "\u8d64\u5cf0", "confirmed": "9", "died": "", "crued": "9", "confirmedRelative": "0", "curConfirm": "0", "cityCode": "297"}, {"city": "\u901a\u8fbd", "confirmed": "7", "died": "", "crued": "7", "confirmedRelative": "0", "curConfirm": "0", "cityCode": "64"}, {"city": "\u9102\u5c14\u591a\u65af", "confirmed": "11", "died": "", "crued": "11", "confirmedRelative": "0", "curConfirm": "0", "cityCode": "283"}, {"city": "\u4e4c\u5170\u5bdf\u5e03", "confirmed": "3", "died": "", "crued": "3", "confirmedRelative": "0", "curConfirm": "0", "cityCode": "168"}, {"city": "\u4e4c\u6d77", "confirmed": "2", "died": "", "crued": "2", "confirmedRelative": "0", "curConfirm": "0", "cityCode": "123"}, {"city": "\u963f\u62c9\u5584\u76df", "confirmed": "0", "died": "", "crued": "0", "confirmedRelative": "0", "curConfirm": "0", "cityCode": "230"}, {"city": "\u5883\u5916\u8f93\u5165", "confirmed": "259", "died": "", "crued": "236", "confirmedRelative": "3", "curConfirm": "23"}, {"city": "\u4f20\u5165\u672c\u571f", "confirmed": "2", "died": "", "crued": "2", "confirmedRelative": "0", "curConfirm": "0"}]}, {"confirmed": "182", "died": "2", "crued": "180", "relativeTime": "1609257600", "confirmedRelative": "0", "diedRelative": "0", "curedRelative": "0", "asymptomaticRelative": "0", "asymptomatic": "0", "curConfirm": "0", "curConfirmRelative": "0", "icuDisable": "1", "area": "\u7518\u8083", "subList": [{"city": "\u5e73\u51c9", "confirmed": "9", "died": "", "crued": "9", "confirmedRelative": "0", "curConfirm": "0", "cityCode": "359"}, {"city": "\u91d1\u660c", "confirmed": "1", "died": "", "crued": "1", "confirmedRelative": "0", "curConfirm": "0", "cityCode": "34"}, {"city": "\u5929\u6c34", "confirmed": "12", "died": "", "crued": "12", "confirmedRelative": "0", "curConfirm": "0", "cityCode": "196"}, {"city": "\u5f20\u6396", "confirmed": "2", "died": "", "crued": "2", "confirmedRelative": "0", "curConfirm": "0", "cityCode": "117"}, {"city": "\u9647\u5357", "confirmed": "4", "died": "", "crued": "4", "confirmedRelative": "0", "curConfirm": "0", "cityCode": "256"}, {"city": "\u767d\u94f6", "confirmed": "4", "died": "", "crued": "4", "confirmedRelative": "0", "curConfirm": "0", "cityCode": "35"}, {"city": "\u4e34\u590f\u5dde", "confirmed": "3", "died": "", "crued": "3", "confirmedRelative": "0", "curConfirm": "0", "cityCode": "182"}, {"city": "\u5170\u5dde", "confirmed": "36", "died": "2", "crued": "34", "confirmedRelative": "0", "curConfirm": "0", "cityCode": "36"}, {"city": "\u5b9a\u897f", "confirmed": "9", "died": "", "crued": "9", "confirmedRelative": "0", "curConfirm": "0", "cityCode": "136"}, {"city": "\u7518\u5357\u5dde", "confirmed": "8", "died": "", "crued": "8", "confirmedRelative": "0", "curConfirm": "0", "cityCode": "247"}, {"city": "\u5e86\u9633", "confirmed": "3", "died": "", "crued": "3", "confirmedRelative": "0", "curConfirm": "0", "cityCode": "135"}, {"city": "\u6b66\u5a01", "confirmed": "0", "died": "", "crued": "0", "confirmedRelative": "0", "curConfirm": "0", "cityCode": "118"}, {"city": "\u9152\u6cc9", "confirmed": "0", "died": "", "crued": "0", "confirmedRelative": "0", "curConfirm": "0", "cityCode": "37"}, {"city": "\u5883\u5916\u8f93\u5165", "confirmed": "90", "died": "", "crued": "90", "confirmedRelative": "0", "curConfirm": "0"}, {"city": "\u5916\u6765\u4eba\u5458", "confirmed": "1", "died": "", "crued": "1", "confirmedRelative": "0", "curConfirm": "0"}]}, {"confirmed": "309", "died": "3", "crued": "300", "relativeTime": "1609257600", "confirmedRelative": "0", "diedRelative": "0", "curedRelative": "0", "asymptomaticRelative": "1", "asymptomatic": "3", "curConfirm": "6", "curConfirmRelative": "0", "cityCode": "332", "icuDisable": "1", "area": "\u5929\u6d25", "subList": [{"city": "\u7ea2\u6865\u533a", "confirmed": "2", "died": "", "crued": "2", "confirmedRelative": "0", "curConfirm": "0"}, {"city": "\u548c\u5e73\u533a", "confirmed": "6", "died": "", "crued": "6", "confirmedRelative": "0", "curConfirm": "0"}, {"city": "\u6ee8\u6d77\u65b0\u533a", "confirmed": "13", "died": "", "crued": "13", "confirmedRelative": "0", "curConfirm": "0"}, {"city": "\u897f\u9752\u533a", "confirmed": "4", "died": "", "crued": "4", "confirmedRelative": "0", "curConfirm": "0"}, {"city": "\u5357\u5f00\u533a", "confirmed": "6", "died": "", "crued": "6", "confirmedRelative": "0", "curConfirm": "0"}, {"city": "\u6cb3\u4e1c\u533a", "confirmed": "15", "died": "1", "crued": "14", "confirmedRelative": "0", "curConfirm": "0"}, {"city": "\u6cb3\u5317\u533a", "confirmed": "12", "died": "", "crued": "12", "confirmedRelative": "0", "curConfirm": "0"}, {"city": "\u6cb3\u897f\u533a", "confirmed": "4", "died": "", "crued": "4", "confirmedRelative": "0", "curConfirm": "0"}, {"city": "\u5916\u5730\u6765\u6d25\u4eba\u5458", "confirmed": "6", "died": "", "crued": "6", "confirmedRelative": "0", "curConfirm": "0"}, {"city": "\u5b81\u6cb3\u533a", "confirmed": "4", "died": "", "crued": "4", "confirmedRelative": "0", "curConfirm": "0"}, {"city": "\u5b9d\u577b\u533a", "confirmed": "60", "died": "2", "crued": "58", "confirmedRelative": "0", "curConfirm": "0"}, {"city": "\u4e1c\u4e3d\u533a", "confirmed": "4", "died": "", "crued": "4", "confirmedRelative": "0", "curConfirm": "0"}, {"city": "\u6d25\u5357\u533a", "confirmed": "2", "died": "", "crued": "2", "confirmedRelative": "0", "curConfirm": "0"}, {"city": "\u5317\u8fb0\u533a", "confirmed": "7", "died": "", "crued": "7", "confirmedRelative": "0", "curConfirm": "0"}, {"city": "\u6b66\u6e05\u533a", "confirmed": "2", "died": "", "crued": "2", "confirmedRelative": "0", "curConfirm": "0"}, {"city": "\u9759\u6d77\u533a", "confirmed": "0", "died": "", "crued": "0", "confirmedRelative": "0", "curConfirm": "0"}, {"city": "\u84df\u5dde\u533a", "confirmed": "0", "died": "", "crued": "0", "confirmedRelative": "0", "curConfirm": "0"}, {"city": "\u5883\u5916\u8f93\u5165", "confirmed": "162", "died": "", "crued": "156", "confirmedRelative": "0", "curConfirm": "6"}]}, {"confirmed": "224", "died": "0", "crued": "221", "relativeTime": "1609257600", "confirmedRelative": "0", "diedRelative": "0", "curedRelative": "0", "asymptomaticRelative": "0", "asymptomatic": "1", "curConfirm": "3", "curConfirmRelative": "0", "icuDisable": "1", "area": "\u5c71\u897f", "subList": [{"city": "\u6714\u5dde", "confirmed": "8", "died": "", "crued": "8", "confirmedRelative": "0", "curConfirm": "0", "cityCode": "237"}, {"city": "\u664b\u4e2d", "confirmed": "37", "died": "", "crued": "37", "confirmedRelative": "0", "curConfirm": "0", "cityCode": "238"}, {"city": "\u8fd0\u57ce", "confirmed": "19", "died": "", "crued": "19", "confirmedRelative": "0", "curConfirm": "0", "cityCode": "328"}, {"city": "\u9633\u6cc9", "confirmed": "4", "died": "", "crued": "4", "confirmedRelative": "0", "curConfirm": "0", "cityCode": "357"}, {"city": "\u5415\u6881", "confirmed": "6", "died": "", "crued": "6", "confirmedRelative": "0", "curConfirm": "0", "cityCode": "327"}, {"city": "\u5927\u540c", "confirmed": "12", "died": "", "crued": "12", "confirmedRelative": "0", "curConfirm": "0", "cityCode": "355"}, {"city": "\u957f\u6cbb", "confirmed": "8", "died": "", "crued": "8", "confirmedRelative": "0", "curConfirm": "0", "cityCode": "356"}, {"city": "\u4e34\u6c7e", "confirmed": "2", "died": "", "crued": "2", "confirmedRelative": "0", "curConfirm": "0", "cityCode": "368"}, {"city": "\u592a\u539f", "confirmed": "21", "died": "", "crued": "21", "confirmedRelative": "0", "curConfirm": "0", "cityCode": "176"}, {"city": "\u664b\u57ce", "confirmed": "10", "died": "", "crued": "10", "confirmedRelative": "0", "curConfirm": "0", "cityCode": "290"}, {"city": "\u5ffb\u5dde", "confirmed": "7", "died": "", "crued": "7", "confirmedRelative": "0", "curConfirm": "0", "cityCode": "367"}, {"city": "\u5883\u5916\u8f93\u5165", "confirmed": "90", "died": "", "crued": "87", "confirmedRelative": "0", "curConfirm": "3"}]}, {"confirmed": "347", "died": "2", "crued": "287", "relativeTime": "1609257600", "confirmedRelative": "5", "diedRelative": "0", "curedRelative": "0", "asymptomaticRelative": "3", "asymptomatic": "33", "curConfirm": "58", "curConfirmRelative": "5", "icuDisable": "1", "area": "\u8fbd\u5b81", "subList": [{"city": "\u671d\u9633", "confirmed": "6", "died": "1", "crued": "5", "confirmedRelative": "0", "curConfirm": "0", "cityCode": "280"}, {"city": "\u94c1\u5cad", "confirmed": "8", "died": "", "crued": "8", "confirmedRelative": "0", "curConfirm": "0", "cityCode": "60"}, {"city": "\u846b\u82a6\u5c9b", "confirmed": "12", "died": "1", "crued": "11", "confirmedRelative": "0", "curConfirm": "0", "cityCode": "319"}, {"city": "\u9526\u5dde", "confirmed": "12", "died": "", "crued": "12", "confirmedRelative": "0", "curConfirm": "0", "cityCode": "166"}, {"city": "\u5927\u8fde", "confirmed": "151", "died": "", "crued": "110", "confirmedRelative": "3", "curConfirm": "41", "cityCode": "167"}, {"city": "\u8425\u53e3", "confirmed": "1", "died": "", "crued": "1", "confirmedRelative": "0", "curConfirm": "0", "cityCode": "281"}, {"city": "\u4e39\u4e1c", "confirmed": "11", "died": "", "crued": "11", "confirmedRelative": "0", "curConfirm": "0", "cityCode": "282"}, {"city": "\u6c88\u9633", "confirmed": "49", "died": "", "crued": "34", "confirmedRelative": "2", "curConfirm": "15", "cityCode": "58"}, {"city": "\u8fbd\u9633", "confirmed": "3", "died": "", "crued": "3", "confirmedRelative": "0", "curConfirm": "0", "cityCode": "351"}, {"city": "\u76d8\u9526", "confirmed": "11", "died": "", "crued": "11", "confirmedRelative": "0", "curConfirm": "0", "cityCode": "228"}, {"city": "\u672c\u6eaa", "confirmed": "3", "died": "", "crued": "3", "confirmedRelative": "0", "curConfirm": "0", "cityCode": "227"}, {"city": "\u978d\u5c71", "confirmed": "4", "died": "", "crued": "4", "confirmedRelative": "0", "curConfirm": "0", "cityCode": "320"}, {"city": "\u961c\u65b0", "confirmed": "8", "died": "", "crued": "8", "confirmedRelative": "0", "curConfirm": "0", "cityCode": "59"}, {"city": "\u629a\u987a", "confirmed": "1", "died": "", "crued": "1", "confirmedRelative": "0", "curConfirm": "0", "cityCode": "184"}, {"city": "\u5883\u5916\u8f93\u5165", "confirmed": "67", "died": "", "crued": "65", "confirmedRelative": "0", "curConfirm": "2"}]}, {"confirmed": "964", "died": "13", "crued": "942", "relativeTime": "1609257600", "confirmedRelative": "2", "diedRelative": "0", "curedRelative": "1", "asymptomaticRelative": "1", "asymptomatic": "16", "curConfirm": "9", "curConfirmRelative": "1", "icuDisable": "1", "area": "\u9ed1\u9f99\u6c5f", "subList": [{"city": "\u9e64\u5c97", "confirmed": "5", "died": "", "crued": "5", "confirmedRelative": "0", "curConfirm": "0", "cityCode": "43"}, {"city": "\u4e03\u53f0\u6cb3", "confirmed": "17", "died": "", "crued": "17", "confirmedRelative": "0", "curConfirm": "0", "cityCode": "47"}, {"city": "\u5927\u5174\u5b89\u5cad\u5730\u533a", "confirmed": "3", "died": "", "crued": "3", "confirmedRelative": "0", "curConfirm": "0", "cityCode": "38"}, {"city": "\u4f73\u6728\u65af", "confirmed": "15", "died": "", "crued": "15", "confirmedRelative": "0", "curConfirm": "0", "cityCode": "42"}, {"city": "\u7261\u4e39\u6c5f", "confirmed": "36", "died": "", "crued": "31", "confirmedRelative": "0", "curConfirm": "5", "cityCode": "49"}, {"city": "\u9e21\u897f", "confirmed": "46", "died": "", "crued": "46", "confirmedRelative": "0", "curConfirm": "0", "cityCode": "46"}, {"city": "\u7ee5\u5316", "confirmed": "47", "died": "4", "crued": "43", "confirmedRelative": "0", "curConfirm": "0", "cityCode": "44"}, {"city": "\u9f50\u9f50\u54c8\u5c14", "confirmed": "43", "died": "1", "crued": "42", "confirmedRelative": "0", "curConfirm": "0", "cityCode": "41"}, {"city": "\u53cc\u9e2d\u5c71", "confirmed": "52", "died": "3", "crued": "49", "confirmedRelative": "0", "curConfirm": "0", "cityCode": "45"}, {"city": "\u54c8\u5c14\u6ee8", "confirmed": "264", "died": "4", "crued": "260", "confirmedRelative": "0", "curConfirm": "0", "cityCode": "48"}, {"city": "\u5927\u5e86", "confirmed": "27", "died": "1", "crued": "26", "confirmedRelative": "0", "curConfirm": "0", "cityCode": "50"}, {"city": "\u9ed1\u6cb3", "confirmed": "17", "died": "", "crued": "14", "confirmedRelative": "2", "curConfirm": "3", "cityCode": "39"}, {"city": "\u4f0a\u6625", "confirmed": "1", "died": "", "crued": "1", "confirmedRelative": "0", "curConfirm": "0", "cityCode": "40"}, {"city": "\u5883\u5916\u8f93\u5165", "confirmed": "389", "died": "", "crued": "388", "confirmedRelative": "0", "curConfirm": "1"}, {"city": "\u5f85\u786e\u8ba4", "confirmed": "2", "died": "", "crued": "2", "confirmedRelative": "0", "curConfirm": "0"}]}, {"confirmed": "171", "died": "6", "crued": "165", "relativeTime": "1609257600", "confirmedRelative": "0", "diedRelative": "0", "curedRelative": "0", "asymptomaticRelative": "0", "asymptomatic": "0", "curConfirm": "0", "curConfirmRelative": "0", "icuDisable": "1", "area": "\u6d77\u5357", "subList": [{"city": "\u9675\u6c34\u9ece\u65cf\u81ea\u6cbb\u53bf", "confirmed": "4", "died": "", "crued": "4", "confirmedRelative": "0", "curConfirm": "0", "cityCode": "1643"}, {"city": "\u743c\u4e2d\u9ece\u65cf\u82d7\u65cf\u81ea\u6cbb\u53bf", "confirmed": "1", "died": "", "crued": "1", "confirmedRelative": "0", "curConfirm": "0", "cityCode": "2031"}, {"city": "\u743c\u6d77", "confirmed": "6", "died": "1", "crued": "5", "confirmedRelative": "0", "curConfirm": "0", "cityCode": "2358"}, {"city": "\u510b\u5dde", "confirmed": "15", "died": "1", "crued": "14", "confirmedRelative": "0", "curConfirm": "0", "cityCode": "1215"}, {"city": "\u4e07\u5b81", "confirmed": "13", "died": "", "crued": "13", "confirmedRelative": "0", "curConfirm": "0", "cityCode": "1216"}, {"city": "\u4e1c\u65b9", "confirmed": "3", "died": "1", "crued": "2", "confirmedRelative": "0", "curConfirm": "0", "cityCode": "2634"}, {"city": "\u4e34\u9ad8", "confirmed": "6", "died": "", "crued": "6", "confirmedRelative": "0", "curConfirm": "0", "cityCode": "2033"}, {"city": "\u6d77\u53e3", "confirmed": "39", "died": "", "crued": "39", "confirmedRelative": "0", "curConfirm": "0", "cityCode": "125"}, {"city": "\u6f84\u8fc8", "confirmed": "9", "died": "1", "crued": "8", "confirmedRelative": "0", "curConfirm": "0", "cityCode": "2757"}, {"city": "\u4e09\u4e9a", "confirmed": "55", "died": "1", "crued": "54", "confirmedRelative": "0", "curConfirm": "0", "cityCode": "121"}, {"city": "\u660c\u6c5f\u9ece\u65cf\u81ea\u6cbb\u53bf", "confirmed": "7", "died": "", "crued": "7", "confirmedRelative": "0", "curConfirm": "0", "cityCode": "1642"}, {"city": "\u5b9a\u5b89", "confirmed": "3", "died": "1", "crued": "2", "confirmedRelative": "0", "curConfirm": "0", "cityCode": "1214"}, {"city": "\u4e50\u4e1c\u9ece\u65cf\u81ea\u6cbb\u53bf", "confirmed": "2", "died": "", "crued": "2", "confirmedRelative": "0", "curConfirm": "0", "cityCode": "2032"}, {"city": "\u6587\u660c", "confirmed": "3", "died": "", "crued": "3", "confirmedRelative": "0", "curConfirm": "0", "cityCode": "2758"}, {"city": "\u4fdd\u4ead\u9ece\u65cf\u82d7\u65cf\u81ea\u6cbb\u53bf", "confirmed": "3", "died": "", "crued": "3", "confirmedRelative": "0", "curConfirm": "0", "cityCode": "1217"}, {"city": "\u5c6f\u660c", "confirmed": "0", "died": "", "crued": "0", "confirmedRelative": "0", "curConfirm": "0", "cityCode": "1641"}, {"city": "\u4e09\u6c99", "confirmed": "0", "died": "", "crued": "0", "confirmedRelative": "0", "curConfirm": "0"}, {"city": "\u5883\u5916\u8f93\u5165", "confirmed": "2", "died": "", "crued": "2", "confirmedRelative": "0", "curConfirm": "0"}]}, {"confirmed": "373", "died": "6", "crued": "367", "relativeTime": "1609257600", "confirmedRelative": "0", "diedRelative": "0", "curedRelative": "0", "asymptomaticRelative": "0", "asymptomatic": "1", "curConfirm": "0", "curConfirmRelative": "0", "icuDisable": "1", "area": "\u6cb3\u5317", "subList": [{"city": "\u5f20\u5bb6\u53e3", "confirmed": "43", "died": "", "crued": "43", "confirmedRelative": "0", "curConfirm": "0", "cityCode": "264"}, {"city": "\u4fdd\u5b9a", "confirmed": "34", "died": "", "crued": "34", "confirmedRelative": "0", "curConfirm": "0", "cityCode": "307"}, {"city": "\u90a2\u53f0", "confirmed": "23", "died": "1", "crued": "22", "confirmedRelative": "0", "curConfirm": "0", "cityCode": "266"}, {"city": "\u6ca7\u5dde", "confirmed": "49", "died": "3", "crued": "46", "confirmedRelative": "0", "curConfirm": "0", "cityCode": "149"}, {"city": "\u77f3\u5bb6\u5e84", "confirmed": "29", "died": "", "crued": "29", "confirmedRelative": "0", "curConfirm": "0", "cityCode": "150"}, {"city": "\u627f\u5fb7", "confirmed": "7", "died": "", "crued": "7", "confirmedRelative": "0", "curConfirm": "0", "cityCode": "207"}, {"city": "\u5eca\u574a", "confirmed": "32", "died": "", "crued": "32", "confirmedRelative": "0", "curConfirm": "0", "cityCode": "191"}, {"city": "\u90af\u90f8", "confirmed": "32", "died": "", "crued": "32", "confirmedRelative": "0", "curConfirm": "0", "cityCode": "151"}, {"city": "\u8861\u6c34", "confirmed": "8", "died": "", "crued": "8", "confirmedRelative": "0", "curConfirm": "0", "cityCode": "208"}, {"city": "\u5510\u5c71", "confirmed": "58", "died": "1", "crued": "57", "confirmedRelative": "0", "curConfirm": "0", "cityCode": "265"}, {"city": "\u79e6\u7687\u5c9b", "confirmed": "10", "died": "1", "crued": "9", "confirmedRelative": "0", "curConfirm": "0", "cityCode": "148"}, {"city": "\u5883\u5916\u8f93\u5165", "confirmed": "34", "died": "", "crued": "34", "confirmedRelative": "0", "curConfirm": "0"}, {"city": "\u5b9a\u5dde", "confirmed": "1", "died": "", "crued": "1", "confirmedRelative": "0", "curConfirm": "0"}, {"city": "\u96c4\u5b89\u65b0\u533a", "confirmed": "13", "died": "", "crued": "13", "confirmedRelative": "0", "curConfirm": "0"}]}, {"confirmed": "505", "died": "3", "crued": "489", "relativeTime": "1609171200", "confirmedRelative": "0", "diedRelative": "0", "curedRelative": "0", "asymptomaticRelative": "0", "asymptomatic": "9", "curConfirm": "13", "curConfirmRelative": "0", "icuDisable": "1", "area": "\u9655\u897f", "subList": [{"city": "\u6986\u6797", "confirmed": "3", "died": "", "crued": "3", "confirmedRelative": "", "curConfirm": "0", "cityCode": "231"}, {"city": "\u897f\u5b89", "confirmed": "120", "died": "3", "crued": "117", "confirmedRelative": "", "curConfirm": "0", "cityCode": "233"}, {"city": "\u54b8\u9633", "confirmed": "17", "died": "", "crued": "17", "confirmedRelative": "", "curConfirm": "0", "cityCode": "323"}, {"city": "\u5546\u6d1b", "confirmed": "7", "died": "", "crued": "7", "confirmedRelative": "", "curConfirm": "0", "cityCode": "285"}, {"city": "\u5b89\u5eb7", "confirmed": "26", "died": "", "crued": "26", "confirmedRelative": "", "curConfirm": "0", "cityCode": "324"}, {"city": "\u5ef6\u5b89", "confirmed": "8", "died": "", "crued": "8", "confirmedRelative": "", "curConfirm": "0", "cityCode": "284"}, {"city": "\u97e9\u57ce", "confirmed": "1", "died": "", "crued": "1", "confirmedRelative": "", "curConfirm": "0"}, {"city": "\u6c49\u4e2d", "confirmed": "26", "died": "", "crued": "26", "confirmedRelative": "", "curConfirm": "0", "cityCode": "352"}, {"city": "\u5b9d\u9e21", "confirmed": "13", "died": "", "crued": "13", "confirmedRelative": "", "curConfirm": "0", "cityCode": "171"}, {"city": "\u6e2d\u5357", "confirmed": "15", "died": "", "crued": "15", "confirmedRelative": "", "curConfirm": "0", "cityCode": "170"}, {"city": "\u94dc\u5ddd", "confirmed": "8", "died": "", "crued": "8", "confirmedRelative": "", "curConfirm": "0", "cityCode": "232"}, {"city": "\u6768\u51cc\u793a\u8303\u533a", "confirmed": "1", "died": "", "crued": "1", "confirmedRelative": "", "curConfirm": "0"}, {"city": "\u5883\u5916\u8f93\u5165", "confirmed": "260", "died": "", "crued": "247", "confirmedRelative": "", "curConfirm": "13"}]}, {"confirmed": "229", "died": "2", "crued": "214", "relativeTime": "1609257600", "confirmedRelative": "0", "diedRelative": "0", "curedRelative": "0", "asymptomaticRelative": "0", "asymptomatic": "8", "curConfirm": "13", "curConfirmRelative": "0", "icuDisable": "1", "area": "\u4e91\u5357", "subList": [{"city": "\u4e3d\u6c5f", "confirmed": "7", "died": "", "crued": "7", "confirmedRelative": "0", "curConfirm": "0", "cityCode": "114"}, {"city": "\u7ea2\u6cb3\u5dde", "confirmed": "9", "died": "", "crued": "9", "confirmedRelative": "0", "curConfirm": "0", "cityCode": "107"}, {"city": "\u5927\u7406\u5dde", "confirmed": "13", "died": "", "crued": "13", "confirmedRelative": "0", "curConfirm": "0", "cityCode": "111"}, {"city": "\u4fdd\u5c71", "confirmed": "9", "died": "", "crued": "9", "confirmedRelative": "0", "curConfirm": "0", "cityCode": "112"}, {"city": "\u662d\u901a", "confirmed": "25", "died": "", "crued": "25", "confirmedRelative": "0", "curConfirm": "0", "cityCode": "336"}, {"city": "\u5fb7\u5b8f\u5dde", "confirmed": "5", "died": "", "crued": "5", "confirmedRelative": "0", "curConfirm": "0", "cityCode": "116"}, {"city": "\u66f2\u9756", "confirmed": "13", "died": "", "crued": "13", "confirmedRelative": "0", "curConfirm": "0", "cityCode": "249"}, {"city": "\u897f\u53cc\u7248\u7eb3\u50a3\u65cf\u81ea\u6cbb\u5dde", "confirmed": "15", "died": "1", "crued": "14", "confirmedRelative": "0", "curConfirm": "0", "cityCode": "109"}, {"city": "\u7389\u6eaa", "confirmed": "14", "died": "1", "crued": "13", "confirmedRelative": "0", "curConfirm": "0", "cityCode": "106"}, {"city": "\u666e\u6d31", "confirmed": "4", "died": "", "crued": "4", "confirmedRelative": "0", "curConfirm": "0", "cityCode": "108"}, {"city": "\u6606\u660e", "confirmed": "53", "died": "", "crued": "53", "confirmedRelative": "0", "curConfirm": "0", "cityCode": "104"}, {"city": "\u4e34\u6ca7", "confirmed": "1", "died": "", "crued": "1", "confirmedRelative": "0", "curConfirm": "0", "cityCode": "110"}, {"city": "\u695a\u96c4\u5dde", "confirmed": "4", "died": "", "crued": "4", "confirmedRelative": "0", "curConfirm": "0", "cityCode": "105"}, {"city": "\u6587\u5c71", "confirmed": "2", "died": "", "crued": "2", "confirmedRelative": "0", "curConfirm": "0", "cityCode": "177"}, {"city": "\u6012\u6c5f\u5dde", "confirmed": "0", "died": "", "crued": "0", "confirmedRelative": "0", "curConfirm": "0", "cityCode": "113"}, {"city": "\u5883\u5916\u8f93\u5165", "confirmed": "55", "died": "", "crued": "42", "confirmedRelative": "0", "curConfirm": "13"}]}, {"confirmed": "264", "died": "2", "crued": "261", "relativeTime": "1609257600", "confirmedRelative": "0", "diedRelative": "0", "curedRelative": "0", "asymptomaticRelative": "0", "asymptomatic": "1", "curConfirm": "1", "curConfirmRelative": "0", "icuDisable": "1", "area": "\u5e7f\u897f", "subList": [{"city": "\u6842\u6797", "confirmed": "32", "died": "", "crued": "32", "confirmedRelative": "0", "curConfirm": "0", "cityCode": "142"}, {"city": "\u6cb3\u6c60", "confirmed": "28", "died": "1", "crued": "27", "confirmedRelative": "0", "curConfirm": "0", "cityCode": "143"}, {"city": "\u5357\u5b81", "confirmed": "55", "died": "", "crued": "55", "confirmedRelative": "0", "curConfirm": "0", "cityCode": "261"}, {"city": "\u9632\u57ce\u6e2f", "confirmed": "19", "died": "", "crued": "19", "confirmedRelative": "0", "curConfirm": "0", "cityCode": "204"}, {"city": "\u8d3a\u5dde", "confirmed": "4", "died": "", "crued": "4", "confirmedRelative": "0", "curConfirm": "0", "cityCode": "260"}, {"city": "\u67f3\u5dde", "confirmed": "24", "died": "", "crued": "24", "confirmedRelative": "0", "curConfirm": "0", "cityCode": "305"}, {"city": "\u7389\u6797", "confirmed": "11", "died": "", "crued": "11", "confirmedRelative": "0", "curConfirm": "0", "cityCode": "361"}, {"city": "\u5317\u6d77", "confirmed": "44", "died": "1", "crued": "43", "confirmedRelative": "0", "curConfirm": "0", "cityCode": "295"}, {"city": "\u94a6\u5dde", "confirmed": "8", "died": "", "crued": "8", "confirmedRelative": "0", "curConfirm": "0", "cityCode": "145"}, {"city": "\u68a7\u5dde", "confirmed": "5", "died": "", "crued": "5", "confirmedRelative": "0", "curConfirm": "0", "cityCode": "304"}, {"city": "\u767e\u8272", "confirmed": "3", "died": "", "crued": "3", "confirmedRelative": "0", "curConfirm": "0", "cityCode": "203"}, {"city": "\u8d35\u6e2f", "confirmed": "8", "died": "", "crued": "8", "confirmedRelative": "0", "curConfirm": "0", "cityCode": "341"}, {"city": "\u6765\u5bbe", "confirmed": "11", "died": "", "crued": "11", "confirmedRelative": "0", "curConfirm": "0", "cityCode": "202"}, {"city": "\u5883\u5916\u8f93\u5165", "confirmed": "12", "died": "", "crued": "11", "confirmedRelative": "0", "curConfirm": "1"}]}, {"confirmed": "512", "died": "1", "crued": "487", "relativeTime": "1609257600", "confirmedRelative": "1", "diedRelative": "0", "curedRelative": "1", "asymptomaticRelative": "0", "asymptomatic": "14", "curConfirm": "24", "curConfirmRelative": "0", "icuDisable": "1", "area": "\u798f\u5efa", "subList": [{"city": "\u53a6\u95e8", "confirmed": "35", "died": "", "crued": "35", "confirmedRelative": "0", "curConfirm": "0", "cityCode": "194"}, {"city": "\u5357\u5e73", "confirmed": "20", "died": "", "crued": "20", "confirmedRelative": "0", "curConfirm": "0", "cityCode": "133"}, {"city": "\u8386\u7530", "confirmed": "56", "died": "", "crued": "56", "confirmedRelative": "0", "curConfirm": "0", "cityCode": "195"}, {"city": "\u6cc9\u5dde", "confirmed": "47", "died": "", "crued": "47", "confirmedRelative": "0", "curConfirm": "0", "cityCode": "134"}, {"city": "\u6f33\u5dde", "confirmed": "20", "died": "", "crued": "20", "confirmedRelative": "0", "curConfirm": "0", "cityCode": "255"}, {"city": "\u4e09\u660e", "confirmed": "14", "died": "", "crued": "14", "confirmedRelative": "0", "curConfirm": "0", "cityCode": "254"}, {"city": "\u5b81\u5fb7", "confirmed": "26", "died": "", "crued": "26", "confirmedRelative": "0", "curConfirm": "0", "cityCode": "192"}, {"city": "\u9f99\u5ca9", "confirmed": "6", "died": "", "crued": "6", "confirmedRelative": "0", "curConfirm": "0", "cityCode": "193"}, {"city": "\u798f\u5dde", "confirmed": "72", "died": "1", "crued": "71", "confirmedRelative": "0", "curConfirm": "0", "cityCode": "300"}, {"city": "\u5883\u5916\u8f93\u5165", "confirmed": "216", "died": "", "crued": "192", "confirmedRelative": "1", "curConfirm": "24"}]}, {"confirmed": "1511", "died": "7", "crued": "1405", "relativeTime": "1609257600", "confirmedRelative": "6", "diedRelative": "0", "curedRelative": "5", "asymptomaticRelative": "0", "asymptomatic": "0", "curConfirm": "99", "curConfirmRelative": "1", "cityCode": "289", "icuDisable": "1", "area": "\u4e0a\u6d77", "subList": [{"city": "\u5609\u5b9a\u533a", "confirmed": "9", "died": "2", "crued": "7", "confirmedRelative": "0", "curConfirm": "0"}, {"city": "\u5916\u5730\u6765\u6caa\u4eba\u5458", "confirmed": "113", "died": "1", "crued": "112", "confirmedRelative": "0", "curConfirm": "0"}, {"city": "\u677e\u6c5f\u533a", "confirmed": "14", "died": "0", "crued": "14", "confirmedRelative": "0", "curConfirm": "0"}, {"city": "\u9ec4\u6d66\u533a", "confirmed": "6", "died": "0", "crued": "6", "confirmedRelative": "0", "curConfirm": "0"}, {"city": "\u957f\u5b81\u533a", "confirmed": "13", "died": "0", "crued": "13", "confirmedRelative": "0", "curConfirm": "0"}, {"city": "\u9752\u6d66\u533a", "confirmed": "6", "died": "0", "crued": "6", "confirmedRelative": "0", "curConfirm": "0"}, {"city": "\u95f5\u884c\u533a", "confirmed": "19", "died": "0", "crued": "19", "confirmedRelative": "0", "curConfirm": "0"}, {"city": "\u9759\u5b89\u533a", "confirmed": "16", "died": "1", "crued": "15", "confirmedRelative": "0", "curConfirm": "0"}, {"city": "\u8679\u53e3\u533a", "confirmed": "7", "died": "0", "crued": "7", "confirmedRelative": "0", "curConfirm": "0"}, {"city": "\u5b9d\u5c71\u533a", "confirmed": "22", "died": "1", "crued": "21", "confirmedRelative": "0", "curConfirm": "0"}, {"city": "\u6d66\u4e1c\u65b0\u533a", "confirmed": "68", "died": "1", "crued": "66", "confirmedRelative": "0", "curConfirm": "1"}, {"city": "\u6768\u6d66\u533a", "confirmed": "9", "died": "0", "crued": "9", "confirmedRelative": "0", "curConfirm": "0"}, {"city": "\u5f90\u6c47\u533a", "confirmed": "18", "died": "1", "crued": "17", "confirmedRelative": "0", "curConfirm": "0"}, {"city": "\u5949\u8d24\u533a", "confirmed": "9", "died": "0", "crued": "9", "confirmedRelative": "0", "curConfirm": "0"}, {"city": "\u91d1\u5c71\u533a", "confirmed": "4", "died": "0", "crued": "4", "confirmedRelative": "0", "curConfirm": "0"}, {"city": "\u666e\u9640\u533a", "confirmed": "11", "died": "0", "crued": "11", "confirmedRelative": "0", "curConfirm": "0"}, {"city": "\u5d07\u660e\u533a", "confirmed": "4", "died": "0", "crued": "4", "confirmedRelative": "0", "curConfirm": "0"}, {"city": "\u5883\u5916\u8f93\u5165", "confirmed": "1162", "died": "0", "crued": "1064", "confirmedRelative": "6", "curConfirm": "98"}, {"city": "\u5883\u5916\u6765\u6caa\u4eba\u5458", "confirmed": "1", "died": "", "crued": "1", "confirmedRelative": "0", "curConfirm": "0"}]}, {"confirmed": "982", "died": "9", "crued": "943", "relativeTime": "1609257600", "confirmedRelative": "2", "diedRelative": "0", "curedRelative": "2", "asymptomaticRelative": "0", "confirmInter": "1", "asymptomatic": "10", "curConfirm": "30", "curConfirmRelative": "0", "cityCode": "131", "icuDisable": "1", "area": "\u5317\u4eac", "subList": [{"city": "\u4e1c\u57ce\u533a", "confirmed": "19", "died": "", "crued": "6", "confirmedRelative": "0", "curConfirm": "0"}, {"city": "\u6d77\u6dc0\u533a", "confirmed": "82", "died": "", "crued": "18", "confirmedRelative": "0", "curConfirm": "0"}, {"city": "\u5927\u5174\u533a", "confirmed": "104", "died": "", "crued": "81", "confirmedRelative": "0", "curConfirm": "0"}, {"city": "\u671d\u9633\u533a", "confirmed": "80", "died": "", "crued": "2", "confirmedRelative": "0", "curConfirm": "3"}, {"city": "\u4e30\u53f0\u533a", "confirmed": "273", "died": "", "crued": "233", "confirmedRelative": "0", "curConfirm": "0"}, {"city": "\u95e8\u5934\u6c9f\u533a", "confirmed": "5", "died": "", "crued": "4", "confirmedRelative": "0", "curConfirm": "0"}, {"city": "\u901a\u5dde\u533a", "confirmed": "20", "died": "", "crued": "2", "confirmedRelative": "0", "curConfirm": "0"}, {"city": "\u987a\u4e49\u533a", "confirmed": "26", "died": "", "crued": "10", "confirmedRelative": "2", "curConfirm": "16"}, {"city": "\u77f3\u666f\u5c71\u533a", "confirmed": "15", "died": "", "crued": "12", "confirmedRelative": "0", "curConfirm": "0"}, {"city": "\u897f\u57ce\u533a", "confirmed": "59", "died": "", "crued": "6", "confirmedRelative": "0", "curConfirm": "0"}, {"city": "\u6000\u67d4\u533a", "confirmed": "7", "died": "", "crued": "3", "confirmedRelative": "0", "curConfirm": "0"}, {"city": "\u660c\u5e73\u533a", "confirmed": "33", "died": "", "crued": "14", "confirmedRelative": "0", "curConfirm": "0"}, {"city": "\u5916\u5730\u6765\u4eac\u4eba\u5458", "confirmed": "25", "died": "", "crued": "2", "confirmedRelative": "0", "curConfirm": "0"}, {"city": "\u623f\u5c71\u533a", "confirmed": "20", "died": "", "crued": "7", "confirmedRelative": "0", "curConfirm": "0"}, {"city": "\u5ef6\u5e86\u533a", "confirmed": "1", "died": "", "crued": "", "confirmedRelative": "0", "curConfirm": "0"}, {"city": "\u5bc6\u4e91\u533a", "confirmed": "7", "died": "", "crued": "", "confirmedRelative": "0", "curConfirm": "0"}, {"city": "\u5f85\u786e\u8ba4", "confirmed": "2", "died": "9", "crued": "353", "confirmedRelative": "0", "curConfirm": "0"}, {"city": "\u5883\u5916\u8f93\u5165", "confirmed": "204", "died": "", "crued": "190", "confirmedRelative": "0", "curConfirm": "14"}]}, {"confirmed": "684", "died": "0", "crued": "682", "relativeTime": "1609257600", "confirmedRelative": "0", "diedRelative": "0", "curedRelative": "0", "asymptomaticRelative": "0", "asymptomatic": "6", "curConfirm": "2", "curConfirmRelative": "0", "icuDisable": "1", "area": "\u6c5f\u82cf", "subList": [{"city": "\u5f90\u5dde", "confirmed": "79", "died": "", "crued": "79", "confirmedRelative": "0", "curConfirm": "0", "cityCode": "316"}, {"city": "\u626c\u5dde", "confirmed": "23", "died": "", "crued": "23", "confirmedRelative": "0", "curConfirm": "0", "cityCode": "346"}, {"city": "\u5bbf\u8fc1", "confirmed": "13", "died": "", "crued": "13", "confirmedRelative": "0", "curConfirm": "0", "cityCode": "277"}, {"city": "\u9547\u6c5f", "confirmed": "12", "died": "", "crued": "12", "confirmedRelative": "0", "curConfirm": "0", "cityCode": "160"}, {"city": "\u8fde\u4e91\u6e2f", "confirmed": "48", "died": "", "crued": "48", "confirmedRelative": "0", "curConfirm": "0", "cityCode": "347"}, {"city": "\u65e0\u9521", "confirmed": "55", "died": "", "crued": "55", "confirmedRelative": "0", "curConfirm": "0", "cityCode": "317"}, {"city": "\u6cf0\u5dde", "confirmed": "37", "died": "", "crued": "37", "confirmedRelative": "0", "curConfirm": "0", "cityCode": "276"}, {"city": "\u76d0\u57ce", "confirmed": "27", "died": "", "crued": "27", "confirmedRelative": "0", "curConfirm": "0", "cityCode": "223"}, {"city": "\u6dee\u5b89", "confirmed": "66", "died": "", "crued": "66", "confirmedRelative": "0", "curConfirm": "0", "cityCode": "162"}, {"city": "\u5357\u901a", "confirmed": "40", "died": "", "crued": "40", "confirmedRelative": "0", "curConfirm": "0", "cityCode": "161"}, {"city": "\u5357\u4eac", "confirmed": "93", "died": "", "crued": "93", "confirmedRelative": "0", "curConfirm": "0", "cityCode": "315"}, {"city": "\u5e38\u5dde", "confirmed": "51", "died": "", "crued": "51", "confirmedRelative": "0", "curConfirm": "0", "cityCode": "348"}, {"city": "\u82cf\u5dde", "confirmed": "87", "died": "", "crued": "87", "confirmedRelative": "0", "curConfirm": "0", "cityCode": "224"}, {"city": "\u5883\u5916\u8f93\u5165", "confirmed": "53", "died": "", "crued": "51", "confirmedRelative": "0", "curConfirm": "2"}]}, {"confirmed": "853", "died": "3", "crued": "817", "relativeTime": "1609257600", "confirmedRelative": "2", "diedRelative": "0", "curedRelative": "0", "asymptomaticRelative": "0", "asymptomatic": "27", "curConfirm": "33", "curConfirmRelative": "2", "icuDisable": "1", "area": "\u56db\u5ddd", "subList": [{"city": "\u9042\u5b81", "confirmed": "17", "died": "", "crued": "17", "confirmedRelative": "0", "curConfirm": "0", "cityCode": "330"}, {"city": "\u8fbe\u5dde", "confirmed": "42", "died": "", "crued": "42", "confirmedRelative": "0", "curConfirm": "0", "cityCode": "369"}, {"city": "\u5185\u6c5f", "confirmed": "22", "died": "", "crued": "22", "confirmedRelative": "0", "curConfirm": "0", "cityCode": "248"}, {"city": "\u5e7f\u5b89", "confirmed": "30", "died": "", "crued": "30", "confirmedRelative": "0", "curConfirm": "0", "cityCode": "241"}, {"city": "\u5b9c\u5bbe", "confirmed": "12", "died": "", "crued": "12", "confirmedRelative": "0", "curConfirm": "0", "cityCode": "186"}, {"city": "\u51c9\u5c71\u5dde", "confirmed": "13", "died": "", "crued": "13", "confirmedRelative": "0", "curConfirm": "0", "cityCode": "80"}, {"city": "\u4e50\u5c71", "confirmed": "3", "died": "", "crued": "3", "confirmedRelative": "0", "curConfirm": "0", "cityCode": "79"}, {"city": "\u7709\u5c71", "confirmed": "8", "died": "", "crued": "8", "confirmedRelative": "0", "curConfirm": "0", "cityCode": "77"}, {"city": "\u5fb7\u9633", "confirmed": "18", "died": "", "crued": "18", "confirmedRelative": "0", "curConfirm": "0", "cityCode": "74"}, {"city": "\u5df4\u4e2d", "confirmed": "24", "died": "", "crued": "24", "confirmedRelative": "0", "curConfirm": "0", "cityCode": "239"}, {"city": "\u6210\u90fd", "confirmed": "158", "died": "3", "crued": "144", "confirmedRelative": "0", "curConfirm": "11", "cityCode": "75"}, {"city": "\u5357\u5145", "confirmed": "39", "died": "", "crued": "39", "confirmedRelative": "0", "curConfirm": "0", "cityCode": "291"}, {"city": "\u6cf8\u5dde", "confirmed": "24", "died": "", "crued": "24", "confirmedRelative": "0", "curConfirm": "0", "cityCode": "331"}, {"city": "\u7ef5\u9633", "confirmed": "22", "died": "", "crued": "22", "confirmedRelative": "0", "curConfirm": "0", "cityCode": "240"}, {"city": "\u7518\u5b5c\u5dde", "confirmed": "78", "died": "", "crued": "78", "confirmedRelative": "0", "curConfirm": "0", "cityCode": "73"}, {"city": "\u5e7f\u5143", "confirmed": "6", "died": "", "crued": "6", "confirmedRelative": "0", "curConfirm": "0", "cityCode": "329"}, {"city": "\u8d44\u9633", "confirmed": "4", "died": "", "crued": "4", "confirmedRelative": "0", "curConfirm": "0", "cityCode": "242"}, {"city": "\u81ea\u8d21", "confirmed": "9", "died": "", "crued": "9", "confirmedRelative": "0", "curConfirm": "0", "cityCode": "78"}, {"city": "\u96c5\u5b89", "confirmed": "8", "died": "", "crued": "8", "confirmedRelative": "0", "curConfirm": "0", "cityCode": "76"}, {"city": "\u6500\u679d\u82b1", "confirmed": "16", "died": "", "crued": "16", "confirmedRelative": "0", "curConfirm": "0", "cityCode": "81"}, {"city": "\u963f\u575d\u5dde", "confirmed": "1", "died": "", "crued": "1", "confirmedRelative": "0", "curConfirm": "0", "cityCode": "185"}, {"city": "\u5883\u5916\u8f93\u5165", "confirmed": "299", "died": "", "crued": "277", "confirmedRelative": "2", "curConfirm": "22"}]}, {"confirmed": "862", "died": "7", "crued": "847", "relativeTime": "1609257600", "confirmedRelative": "0", "diedRelative": "0", "curedRelative": "1", "asymptomaticRelative": "0", "asymptomatic": "3", "curConfirm": "8", "curConfirmRelative": "-1", "icuDisable": "1", "area": "\u5c71\u4e1c", "subList": [{"city": "\u5a01\u6d77", "confirmed": "38", "died": "1", "crued": "37", "confirmedRelative": "0", "curConfirm": "0", "cityCode": "175"}, {"city": "\u6cf0\u5b89", "confirmed": "35", "died": "2", "crued": "33", "confirmedRelative": "0", "curConfirm": "0", "cityCode": "325"}, {"city": "\u6d4e\u5357", "confirmed": "47", "died": "", "crued": "47", "confirmedRelative": "0", "curConfirm": "0", "cityCode": "288"}, {"city": "\u67a3\u5e84", "confirmed": "24", "died": "", "crued": "24", "confirmedRelative": "0", "curConfirm": "0", "cityCode": "172"}, {"city": "\u6d4e\u5b81", "confirmed": "260", "died": "", "crued": "260", "confirmedRelative": "0", "curConfirm": "0", "cityCode": "286"}, {"city": "\u4e34\u6c82", "confirmed": "49", "died": "", "crued": "49", "confirmedRelative": "0", "curConfirm": "0", "cityCode": "234"}, {"city": "\u9752\u5c9b", "confirmed": "79", "died": "1", "crued": "78", "confirmedRelative": "0", "curConfirm": "0", "cityCode": "236"}, {"city": "\u65e5\u7167", "confirmed": "16", "died": "", "crued": "16", "confirmedRelative": "0", "curConfirm": "0", "cityCode": "173"}, {"city": "\u83cf\u6cfd", "confirmed": "18", "died": "", "crued": "18", "confirmedRelative": "0", "curConfirm": "0", "cityCode": "353"}, {"city": "\u804a\u57ce", "confirmed": "38", "died": "", "crued": "38", "confirmedRelative": "0", "curConfirm": "0", "cityCode": "366"}, {"city": "\u6ee8\u5dde", "confirmed": "15", "died": "", "crued": "15", "confirmedRelative": "0", "curConfirm": "0", "cityCode": "235"}, {"city": "\u6f4d\u574a", "confirmed": "44", "died": "", "crued": "44", "confirmedRelative": "0", "curConfirm": "0", "cityCode": "287"}, {"city": "\u5fb7\u5dde", "confirmed": "37", "died": "2", "crued": "35", "confirmedRelative": "0", "curConfirm": "0", "cityCode": "372"}, {"city": "\u70df\u53f0", "confirmed": "47", "died": "", "crued": "47", "confirmedRelative": "0", "curConfirm": "0", "cityCode": "326"}, {"city": "\u6dc4\u535a", "confirmed": "30", "died": "1", "crued": "29", "confirmedRelative": "0", "curConfirm": "0", "cityCode": "354"}, {"city": "\u5883\u5916\u8f93\u5165", "confirmed": "85", "died": "", "crued": "77", "confirmedRelative": "0", "curConfirm": "8"}]}, {"confirmed": "935", "died": "1", "crued": "934", "relativeTime": "1609257600", "confirmedRelative": "0", "diedRelative": "0", "curedRelative": "0", "asymptomaticRelative": "0", "asymptomatic": "1", "curConfirm": "0", "curConfirmRelative": "0", "icuDisable": "1", "area": "\u6c5f\u897f", "subList": [{"city": "\u5409\u5b89", "confirmed": "22", "died": "", "crued": "22", "confirmedRelative": "0", "curConfirm": "0", "cityCode": "318"}, {"city": "\u4e0a\u9976", "confirmed": "123", "died": "", "crued": "123", "confirmedRelative": "0", "curConfirm": "0", "cityCode": "364"}, {"city": "\u4e5d\u6c5f", "confirmed": "116", "died": "", "crued": "116", "confirmedRelative": "0", "curConfirm": "0", "cityCode": "349"}, {"city": "\u65b0\u4f59", "confirmed": "129", "died": "", "crued": "129", "confirmedRelative": "0", "curConfirm": "0", "cityCode": "164"}, {"city": "\u629a\u5dde", "confirmed": "72", "died": "", "crued": "72", "confirmedRelative": "0", "curConfirm": "0", "cityCode": "226"}, {"city": "\u9e70\u6f6d", "confirmed": "18", "died": "", "crued": "18", "confirmedRelative": "0", "curConfirm": "0", "cityCode": "279"}, {"city": "\u5b9c\u6625", "confirmed": "106", "died": "", "crued": "106", "confirmedRelative": "0", "curConfirm": "0", "cityCode": "278"}, {"city": "\u666f\u5fb7\u9547", "confirmed": "6", "died": "", "crued": "6", "confirmedRelative": "0", "curConfirm": "0", "cityCode": "225"}, {"city": "\u840d\u4e61", "confirmed": "33", "died": "", "crued": "33", "confirmedRelative": "0", "curConfirm": "0", "cityCode": "350"}, {"city": "\u8d63\u5dde", "confirmed": "74", "died": "1", "crued": "73", "confirmedRelative": "0", "curConfirm": "0", "cityCode": "365"}, {"city": "\u5357\u660c", "confirmed": "230", "died": "", "crued": "230", "confirmedRelative": "0", "curConfirm": "0", "cityCode": "163"}, {"city": "\u8d63\u6c5f\u65b0\u533a", "confirmed": "1", "died": "", "crued": "1", "confirmedRelative": "0", "curConfirm": "0"}, {"city": "\u5883\u5916\u8f93\u5165", "confirmed": "5", "died": "", "crued": "5", "confirmedRelative": "0", "curConfirm": "0"}]}, {"confirmed": "590", "died": "6", "crued": "584", "relativeTime": "1609257600", "confirmedRelative": "0", "diedRelative": "0", "curedRelative": "0", "asymptomaticRelative": "0", "asymptomatic": "7", "curConfirm": "0", "curConfirmRelative": "0", "cityCode": "132", "icuDisable": "1", "area": "\u91cd\u5e86", "subList": [{"city": "\u5949\u8282\u53bf", "confirmed": "22", "died": "", "crued": "22", "confirmedRelative": "0", "curConfirm": "0"}, {"city": "\u6b66\u9686\u533a", "confirmed": "1", "died": "", "crued": "1", "confirmedRelative": "0", "curConfirm": "0"}, {"city": "\u6c38\u5ddd\u533a", "confirmed": "5", "died": "", "crued": "5", "confirmedRelative": "0", "curConfirm": "0"}, {"city": "\u4e24\u6c5f\u65b0\u533a", "confirmed": "17", "died": "", "crued": "17", "confirmedRelative": "0", "curConfirm": "0"}, {"city": "\u6e1d\u5317\u533a", "confirmed": "17", "died": "", "crued": "17", "confirmedRelative": "0", "curConfirm": "0"}, {"city": "\u5f00\u5dde\u533a", "confirmed": "21", "died": "1", "crued": "20", "confirmedRelative": "0", "curConfirm": "0"}, {"city": "\u4e30\u90fd\u53bf", "confirmed": "10", "died": "", "crued": "10", "confirmedRelative": "0", "curConfirm": "0"}, {"city": "\u5deb\u5c71\u53bf", "confirmed": "10", "died": "", "crued": "10", "confirmedRelative": "0", "curConfirm": "0"}, {"city": "\u5927\u8db3\u533a", "confirmed": "14", "died": "", "crued": "14", "confirmedRelative": "0", "curConfirm": "0"}, {"city": "\u5fe0\u53bf", "confirmed": "21", "died": "", "crued": "21", "confirmedRelative": "0", "curConfirm": "0"}, {"city": "\u4e91\u9633\u53bf", "confirmed": "25", "died": "", "crued": "25", "confirmedRelative": "0", "curConfirm": "0"}, {"city": "\u74a7\u5c71\u533a", "confirmed": "9", "died": "", "crued": "9", "confirmedRelative": "0", "curConfirm": "0"}, {"city": "\u4e5d\u9f99\u5761\u533a", "confirmed": "21", "died": "1", "crued": "20", "confirmedRelative": "0", "curConfirm": "0"}, {"city": "\u6f7c\u5357\u533a", "confirmed": "18", "died": "", "crued": "18", "confirmedRelative": "0", "curConfirm": "0"}, {"city": "\u5927\u6e21\u53e3\u533a", "confirmed": "7", "died": "", "crued": "7", "confirmedRelative": "0", "curConfirm": "0"}, {"city": "\u6881\u5e73\u533a", "confirmed": "4", "died": "", "crued": "4", "confirmedRelative": "0", "curConfirm": "0"}, {"city": "\u79c0\u5c71\u53bf", "confirmed": "1", "died": "", "crued": "1", "confirmedRelative": "0", "curConfirm": "0"}, {"city": "\u4e07\u5dde\u533a", "confirmed": "118", "died": "4", "crued": "114", "confirmedRelative": "0", "curConfirm": "0"}, {"city": "\u5357\u5cb8\u533a", "confirmed": "15", "died": "", "crued": "15", "confirmedRelative": "0", "curConfirm": "0"}, {"city": "\u77f3\u67f1\u53bf", "confirmed": "15", "died": "", "crued": "15", "confirmedRelative": "0", "curConfirm": "0"}, {"city": "\u6daa\u9675\u533a", "confirmed": "5", "died": "", "crued": "5", "confirmedRelative": "0", "curConfirm": "0"}, {"city": "\u6c5f\u5317\u533a", "confirmed": "28", "died": "", "crued": "28", "confirmedRelative": "0", "curConfirm": "0"}, {"city": "\u7da6\u6c5f\u533a", "confirmed": "23", "died": "", "crued": "23", "confirmedRelative": "0", "curConfirm": "0"}, {"city": "\u5deb\u6eaa\u53bf", "confirmed": "14", "died": "", "crued": "14", "confirmedRelative": "0", "curConfirm": "0"}, {"city": "\u957f\u5bff\u533a", "confirmed": "22", "died": "", "crued": "22", "confirmedRelative": "0", "curConfirm": "0"}, {"city": "\u57ce\u53e3\u53bf", "confirmed": "2", "died": "", "crued": "2", "confirmedRelative": "0", "curConfirm": "0"}, {"city": "\u5408\u5ddd\u533a", "confirmed": "23", "died": "", "crued": "23", "confirmedRelative": "0", "curConfirm": "0"}, {"city": "\u57ab\u6c5f\u53bf", "confirmed": "20", "died": "", "crued": "20", "confirmedRelative": "0", "curConfirm": "0"}, {"city": "\u6c5f\u6d25\u533a", "confirmed": "4", "died": "", "crued": "4", "confirmedRelative": "0", "curConfirm": "0"}, {"city": "\u9ed4\u6c5f\u533a", "confirmed": "2", "died": "", "crued": "2", "confirmedRelative": "0", "curConfirm": "0"}, {"city": "\u6e1d\u4e2d\u533a", "confirmed": "20", "died": "", "crued": "20", "confirmedRelative": "0", "curConfirm": "0"}, {"city": "\u5df4\u5357\u533a", "confirmed": "6", "died": "", "crued": "6", "confirmedRelative": "0", "curConfirm": "0"}, {"city": "\u94dc\u6881\u533a", "confirmed": "10", "died": "", "crued": "10", "confirmedRelative": "0", "curConfirm": "0"}, {"city": "\u8363\u660c\u533a", "confirmed": "9", "died": "", "crued": "9", "confirmedRelative": "0", "curConfirm": "0"}, {"city": "\u6c99\u576a\u575d\u533a", "confirmed": "9", "died": "", "crued": "9", "confirmedRelative": "0", "curConfirm": "0"}, {"city": "\u9ad8\u65b0\u533a", "confirmed": "4", "died": "", "crued": "4", "confirmedRelative": "0", "curConfirm": "0"}, {"city": "\u5f6d\u6c34\u53bf", "confirmed": "2", "died": "", "crued": "2", "confirmedRelative": "0", "curConfirm": "0"}, {"city": "\u9149\u9633\u53bf", "confirmed": "1", "died": "", "crued": "1", "confirmedRelative": "0", "curConfirm": "0"}, {"city": "\u4e07\u76db\u7ecf\u5f00\u533a", "confirmed": "1", "died": "", "crued": "1", "confirmedRelative": "0", "curConfirm": "0"}, {"city": "\u5883\u5916\u8f93\u5165", "confirmed": "14", "died": "", "crued": "14", "confirmedRelative": "0", "curConfirm": "0"}]}, {"confirmed": "993", "died": "6", "crued": "986", "relativeTime": "1609257600", "confirmedRelative": "0", "diedRelative": "0", "curedRelative": "0", "asymptomaticRelative": "0", "asymptomatic": "1", "curConfirm": "1", "curConfirmRelative": "0", "icuDisable": "1", "area": "\u5b89\u5fbd", "subList": [{"city": "\u5b89\u5e86", "confirmed": "83", "died": "", "crued": "83", "confirmedRelative": "0", "curConfirm": "0", "cityCode": "130"}, {"city": "\u829c\u6e56", "confirmed": "34", "died": "", "crued": "34", "confirmedRelative": "0", "curConfirm": "0", "cityCode": "129"}, {"city": "\u4eb3\u5dde", "confirmed": "108", "died": "", "crued": "108", "confirmedRelative": "0", "curConfirm": "0", "cityCode": "188"}, {"city": "\u9ec4\u5c71", "confirmed": "9", "died": "", "crued": "9", "confirmedRelative": "0", "curConfirm": "0", "cityCode": "252"}, {"city": "\u6dee\u5317", "confirmed": "27", "died": "", "crued": "27", "confirmedRelative": "0", "curConfirm": "0", "cityCode": "253"}, {"city": "\u868c\u57e0", "confirmed": "160", "died": "5", "crued": "155", "confirmedRelative": "0", "curConfirm": "0", "cityCode": "126"}, {"city": "\u9a6c\u978d\u5c71", "confirmed": "38", "died": "", "crued": "38", "confirmedRelative": "0", "curConfirm": "0", "cityCode": "358"}, {"city": "\u94dc\u9675", "confirmed": "29", "died": "", "crued": "29", "confirmedRelative": "0", "curConfirm": "0", "cityCode": "337"}, {"city": "\u6c60\u5dde", "confirmed": "17", "died": "", "crued": "17", "confirmedRelative": "0", "curConfirm": "0", "cityCode": "299"}, {"city": "\u5bbf\u5dde", "confirmed": "41", "died": "", "crued": "41", "confirmedRelative": "0", "curConfirm": "0", "cityCode": "370"}, {"city": "\u5408\u80a5", "confirmed": "174", "died": "1", "crued": "173", "confirmedRelative": "0", "curConfirm": "0", "cityCode": "127"}, {"city": "\u5ba3\u57ce", "confirmed": "6", "died": "", "crued": "6", "confirmedRelative": "0", "curConfirm": "0", "cityCode": "190"}, {"city": "\u6ec1\u5dde", "confirmed": "13", "died": "", "crued": "13", "confirmedRelative": "0", "curConfirm": "0", "cityCode": "189"}, {"city": "\u961c\u9633", "confirmed": "156", "died": "", "crued": "156", "confirmedRelative": "0", "curConfirm": "0", "cityCode": "128"}, {"city": "\u6dee\u5357", "confirmed": "27", "died": "", "crued": "27", "confirmedRelative": "0", "curConfirm": "0", "cityCode": "250"}, {"city": "\u516d\u5b89", "confirmed": "69", "died": "", "crued": "69", "confirmedRelative": "0", "curConfirm": "0", "cityCode": "298"}, {"city": "\u5883\u5916\u8f93\u5165", "confirmed": "2", "died": "", "crued": "1", "confirmedRelative": "0", "curConfirm": "1"}]}, {"confirmed": "1021", "died": "4", "crued": "1016", "relativeTime": "1609257600", "confirmedRelative": "0", "diedRelative": "0", "curedRelative": "0", "asymptomaticRelative": "0", "asymptomatic": "4", "curConfirm": "1", "curConfirmRelative": "0", "icuDisable": "1", "area": "\u6e56\u5357", "subList": [{"city": "\u8861\u9633", "confirmed": "48", "died": "", "crued": "48", "confirmedRelative": "0", "curConfirm": "0", "cityCode": "159"}, {"city": "\u5a04\u5e95", "confirmed": "76", "died": "", "crued": "76", "confirmedRelative": "0", "curConfirm": "0", "cityCode": "221"}, {"city": "\u6e58\u6f6d", "confirmed": "36", "died": "", "crued": "36", "confirmedRelative": "0", "curConfirm": "0", "cityCode": "313"}, {"city": "\u6c38\u5dde", "confirmed": "44", "died": "", "crued": "44", "confirmedRelative": "0", "curConfirm": "0", "cityCode": "314"}, {"city": "\u5e38\u5fb7", "confirmed": "82", "died": "", "crued": "82", "confirmedRelative": "0", "curConfirm": "0", "cityCode": "219"}, {"city": "\u5f20\u5bb6\u754c", "confirmed": "5", "died": "", "crued": "5", "confirmedRelative": "0", "curConfirm": "0", "cityCode": "312"}, {"city": "\u5cb3\u9633", "confirmed": "156", "died": "1", "crued": "155", "confirmedRelative": "0", "curConfirm": "0", "cityCode": "220"}, {"city": "\u682a\u6d32", "confirmed": "80", "died": "", "crued": "80", "confirmedRelative": "0", "curConfirm": "0", "cityCode": "222"}, {"city": "\u957f\u6c99", "confirmed": "242", "died": "2", "crued": "240", "confirmedRelative": "0", "curConfirm": "0", "cityCode": "158"}, {"city": "\u90b5\u9633", "confirmed": "102", "died": "1", "crued": "101", "confirmedRelative": "0", "curConfirm": "0", "cityCode": "273"}, {"city": "\u6e58\u897f\u5dde", "confirmed": "8", "died": "", "crued": "8", "confirmedRelative": "0", "curConfirm": "0", "cityCode": "274"}, {"city": "\u90f4\u5dde", "confirmed": "39", "died": "", "crued": "39", "confirmedRelative": "0", "curConfirm": "0", "cityCode": "275"}, {"city": "\u6000\u5316", "confirmed": "40", "died": "", "crued": "40", "confirmedRelative": "0", "curConfirm": "0", "cityCode": "363"}, {"city": "\u76ca\u9633", "confirmed": "60", "died": "", "crued": "60", "confirmedRelative": "0", "curConfirm": "0", "cityCode": "272"}, {"city": "\u5883\u5916\u8f93\u5165", "confirmed": "3", "died": "", "crued": "2", "confirmedRelative": "0", "curConfirm": "1"}]}, {"confirmed": "1299", "died": "22", "crued": "1270", "relativeTime": "1609257600", "confirmedRelative": "0", "diedRelative": "0", "curedRelative": "0", "asymptomaticRelative": "2", "asymptomatic": "13", "curConfirm": "7", "curConfirmRelative": "0", "icuDisable": "1", "area": "\u6cb3\u5357", "subList": [{"city": "\u5b89\u9633", "confirmed": "53", "died": "", "crued": "53", "confirmedRelative": "0", "curConfirm": "0", "cityCode": "267"}, {"city": "\u4fe1\u9633", "confirmed": "274", "died": "2", "crued": "272", "confirmedRelative": "0", "curConfirm": "0", "cityCode": "214"}, {"city": "\u5468\u53e3", "confirmed": "76", "died": "1", "crued": "75", "confirmedRelative": "0", "curConfirm": "0", "cityCode": "308"}, {"city": "\u5f00\u5c01", "confirmed": "26", "died": "", "crued": "26", "confirmedRelative": "0", "curConfirm": "0", "cityCode": "210"}, {"city": "\u8bb8\u660c", "confirmed": "39", "died": "1", "crued": "38", "confirmedRelative": "0", "curConfirm": "0", "cityCode": "155"}, {"city": "\u6fee\u9633", "confirmed": "17", "died": "", "crued": "17", "confirmedRelative": "0", "curConfirm": "0", "cityCode": "209"}, {"city": "\u6f2f\u6cb3", "confirmed": "36", "died": "", "crued": "36", "confirmedRelative": "0", "curConfirm": "0", "cityCode": "344"}, {"city": "\u90d1\u5dde", "confirmed": "157", "died": "5", "crued": "152", "confirmedRelative": "0", "curConfirm": "0", "cityCode": "268"}, {"city": "\u4e09\u95e8\u5ce1", "confirmed": "7", "died": "1", "crued": "6", "confirmedRelative": "0", "curConfirm": "0", "cityCode": "212"}, {"city": "\u9a7b\u9a6c\u5e97", "confirmed": "139", "died": "", "crued": "139", "confirmedRelative": "0", "curConfirm": "0", "cityCode": "269"}, {"city": "\u5357\u9633", "confirmed": "156", "died": "3", "crued": "153", "confirmedRelative": "0", "curConfirm": "0", "cityCode": "309"}, {"city": "\u9e64\u58c1", "confirmed": "19", "died": "", "crued": "19", "confirmedRelative": "0", "curConfirm": "0", "cityCode": "215"}, {"city": "\u5546\u4e18", "confirmed": "91", "died": "3", "crued": "88", "confirmedRelative": "0", "curConfirm": "0", "cityCode": "154"}, {"city": "\u6d1b\u9633", "confirmed": "31", "died": "1", "crued": "30", "confirmedRelative": "0", "curConfirm": "0", "cityCode": "153"}, {"city": "\u65b0\u4e61", "confirmed": "57", "died": "3", "crued": "54", "confirmedRelative": "0", "curConfirm": "0", "cityCode": "152"}, {"city": "\u7126\u4f5c", "confirmed": "32", "died": "1", "crued": "31", "confirmedRelative": "0", "curConfirm": "0", "cityCode": "211"}, {"city": "\u5e73\u9876\u5c71", "confirmed": "58", "died": "1", "crued": "57", "confirmedRelative": "0", "curConfirm": "0", "cityCode": "213"}, {"city": "\u6d4e\u6e90", "confirmed": "5", "died": "", "crued": "5", "confirmedRelative": "0", "curConfirm": "0", "cityCode": "1277"}, {"city": "\u5883\u5916\u8f93\u5165", "confirmed": "26", "died": "", "crued": "19", "confirmedRelative": "0", "curConfirm": "7"}]}, {"confirmed": "2044", "died": "8", "crued": "2008", "relativeTime": "1609257600", "confirmedRelative": "3", "diedRelative": "0", "curedRelative": "0", "asymptomaticRelative": "1", "asymptomatic": "73", "curConfirm": "28", "curConfirmRelative": "3", "icuDisable": "1", "area": "\u5e7f\u4e1c", "subList": [{"city": "\u8087\u5e86", "confirmed": "19", "died": "1", "crued": "18", "confirmedRelative": "0", "curConfirm": "0", "cityCode": "338"}, {"city": "\u73e0\u6d77", "confirmed": "98", "died": "1", "crued": "97", "confirmedRelative": "0", "curConfirm": "0", "cityCode": "140"}, {"city": "\u6cb3\u6e90", "confirmed": "5", "died": "", "crued": "5", "confirmedRelative": "0", "curConfirm": "0", "cityCode": "200"}, {"city": "\u4f5b\u5c71", "confirmed": "89", "died": "", "crued": "89", "confirmedRelative": "0", "curConfirm": "0", "cityCode": "138"}, {"city": "\u6e05\u8fdc", "confirmed": "12", "died": "", "crued": "12", "confirmedRelative": "0", "curConfirm": "0", "cityCode": "197"}, {"city": "\u6c55\u5c3e", "confirmed": "6", "died": "", "crued": "6", "confirmedRelative": "0", "curConfirm": "0", "cityCode": "339"}, {"city": "\u8302\u540d", "confirmed": "14", "died": "", "crued": "14", "confirmedRelative": "0", "curConfirm": "0", "cityCode": "139"}, {"city": "\u9633\u6c5f", "confirmed": "14", "died": "", "crued": "14", "confirmedRelative": "0", "curConfirm": "0", "cityCode": "199"}, {"city": "\u6e5b\u6c5f", "confirmed": "22", "died": "", "crued": "22", "confirmedRelative": "0", "curConfirm": "0", "cityCode": "198"}, {"city": "\u4e2d\u5c71", "confirmed": "67", "died": "", "crued": "67", "confirmedRelative": "0", "curConfirm": "0", "cityCode": "187"}, {"city": "\u60e0\u5dde", "confirmed": "62", "died": "", "crued": "62", "confirmedRelative": "0", "curConfirm": "0", "cityCode": "301"}, {"city": "\u63ed\u9633", "confirmed": "10", "died": "", "crued": "10", "confirmedRelative": "0", "curConfirm": "0", "cityCode": "259"}, {"city": "\u6885\u5dde", "confirmed": "16", "died": "", "crued": "16", "confirmedRelative": "0", "curConfirm": "0", "cityCode": "141"}, {"city": "\u6df1\u5733", "confirmed": "423", "died": "3", "crued": "420", "confirmedRelative": "0", "curConfirm": "0", "cityCode": "340"}, {"city": "\u6c55\u5934", "confirmed": "25", "died": "", "crued": "25", "confirmedRelative": "0", "curConfirm": "0", "cityCode": "303"}, {"city": "\u6c5f\u95e8", "confirmed": "23", "died": "", "crued": "23", "confirmedRelative": "0", "curConfirm": "0", "cityCode": "302"}, {"city": "\u97f6\u5173", "confirmed": "10", "died": "1", "crued": "9", "confirmedRelative": "0", "curConfirm": "0", "cityCode": "137"}, {"city": "\u4e1c\u839e", "confirmed": "99", "died": "1", "crued": "98", "confirmedRelative": "0", "curConfirm": "0", "cityCode": "119"}, {"city": "\u5e7f\u5dde", "confirmed": "377", "died": "1", "crued": "376", "confirmedRelative": "0", "curConfirm": "0", "cityCode": "257"}, {"city": "\u6f6e\u5dde", "confirmed": "5", "died": "", "crued": "5", "confirmedRelative": "0", "curConfirm": "0", "cityCode": "201"}, {"city": "\u5883\u5916\u8f93\u5165", "confirmed": "648", "died": "", "crued": "620", "confirmedRelative": "3", "curConfirm": "28"}]}, {"confirmed": "1306", "died": "1", "crued": "1293", "relativeTime": "1609257600", "confirmedRelative": "0", "diedRelative": "0", "curedRelative": "0", "asymptomaticRelative": "0", "asymptomatic": "26", "curConfirm": "12", "curConfirmRelative": "0", "icuDisable": "1", "area": "\u6d59\u6c5f", "subList": [{"city": "\u53f0\u5dde", "confirmed": "147", "died": "", "crued": "147", "confirmedRelative": "0", "curConfirm": "0", "cityCode": "244"}, {"city": "\u5609\u5174", "confirmed": "46", "died": "", "crued": "46", "confirmedRelative": "0", "curConfirm": "0", "cityCode": "334"}, {"city": "\u6e56\u5dde", "confirmed": "10", "died": "", "crued": "10", "confirmedRelative": "0", "curConfirm": "0", "cityCode": "294"}, {"city": "\u821f\u5c71", "confirmed": "10", "died": "", "crued": "10", "confirmedRelative": "0", "curConfirm": "0", "cityCode": "245"}, {"city": "\u7ecd\u5174", "confirmed": "42", "died": "", "crued": "42", "confirmedRelative": "0", "curConfirm": "0", "cityCode": "293"}, {"city": "\u5b81\u6ce2", "confirmed": "157", "died": "", "crued": "157", "confirmedRelative": "0", "curConfirm": "0", "cityCode": "180"}, {"city": "\u676d\u5dde", "confirmed": "181", "died": "", "crued": "181", "confirmedRelative": "0", "curConfirm": "0", "cityCode": "179"}, {"city": "\u91d1\u534e", "confirmed": "55", "died": "", "crued": "55", "confirmedRelative": "0", "curConfirm": "0", "cityCode": "333"}, {"city": "\u4e3d\u6c34", "confirmed": "17", "died": "", "crued": "17", "confirmedRelative": "0", "curConfirm": "0", "cityCode": "292"}, {"city": "\u6e29\u5dde", "confirmed": "504", "died": "1", "crued": "503", "confirmedRelative": "0", "curConfirm": "0", "cityCode": "178"}, {"city": "\u8862\u5dde", "confirmed": "14", "died": "", "crued": "14", "confirmedRelative": "0", "curConfirm": "0", "cityCode": "243"}, {"city": "\u7701\u5341\u91cc\u4e30\u76d1\u72f1", "confirmed": "36", "died": "", "crued": "36", "confirmedRelative": "0", "curConfirm": "0"}, {"city": "\u5883\u5916\u8f93\u5165", "confirmed": "87", "died": "", "crued": "75", "confirmedRelative": "0", "curConfirm": "12"}]}, {"confirmed": "68149", "died": "4512", "crued": "63637", "relativeTime": "1609257600", "confirmedRelative": "0", "diedRelative": "0", "curedRelative": "0", "asymptomaticRelative": "0", "asymptomatic": "4", "curConfirm": "0", "curConfirmRelative": "0", "icuDisable": "1", "area": "\u6e56\u5317", "subList": [{"city": "\u4ed9\u6843", "confirmed": "575", "died": "22", "crued": "553", "confirmedRelative": "0", "curConfirm": "0", "cityCode": "1713"}, {"city": "\u5929\u95e8", "confirmed": "496", "died": "15", "crued": "481", "confirmedRelative": "0", "curConfirm": "0", "cityCode": "2654"}, {"city": "\u968f\u5dde", "confirmed": "1307", "died": "45", "crued": "1262", "confirmedRelative": "0", "curConfirm": "0", "cityCode": "371"}, {"city": "\u54b8\u5b81", "confirmed": "836", "died": "15", "crued": "821", "confirmedRelative": "0", "curConfirm": "0", "cityCode": "362"}, {"city": "\u5341\u5830", "confirmed": "672", "died": "8", "crued": "664", "confirmedRelative": "0", "curConfirm": "0", "cityCode": "216"}, {"city": "\u6069\u65bd", "confirmed": "252", "died": "7", "crued": "245", "confirmedRelative": "0", "curConfirm": "0", "cityCode": "373"}, {"city": "\u8944\u9633", "confirmed": "1175", "died": "40", "crued": "1135", "confirmedRelative": "0", "curConfirm": "0"}, {"city": "\u8346\u5dde", "confirmed": "1580", "died": "52", "crued": "1528", "confirmedRelative": "0", "curConfirm": "0", "cityCode": "157"}, {"city": "\u795e\u519c\u67b6\u6797\u533a", "confirmed": "11", "died": "0", "crued": "11", "confirmedRelative": "0", "curConfirm": "0", "cityCode": "2734"}, {"city": "\u5b9c\u660c", "confirmed": "931", "died": "37", "crued": "894", "confirmedRelative": "0", "curConfirm": "0", "cityCode": "270"}, {"city": "\u6f5c\u6c5f", "confirmed": "198", "died": "9", "crued": "189", "confirmedRelative": "0", "curConfirm": "0", "cityCode": "1293"}, {"city": "\u6b66\u6c49", "confirmed": "50340", "died": "3869", "crued": "46471", "confirmedRelative": "0", "curConfirm": "0", "cityCode": "218"}, {"city": "\u9ec4\u5188", "confirmed": "2907", "died": "125", "crued": "2782", "confirmedRelative": "0", "curConfirm": "0", "cityCode": "271"}, {"city": "\u5b5d\u611f", "confirmed": "3518", "died": "129", "crued": "3389", "confirmedRelative": "0", "curConfirm": "0", "cityCode": "310"}, {"city": "\u9ec4\u77f3", "confirmed": "1015", "died": "39", "crued": "976", "confirmedRelative": "0", "curConfirm": "0", "cityCode": "311"}, {"city": "\u8346\u95e8", "confirmed": "928", "died": "41", "crued": "887", "confirmedRelative": "0", "curConfirm": "0", "cityCode": "217"}, {"city": "\u9102\u5dde", "confirmed": "1394", "died": "59", "crued": "1335", "confirmedRelative": "0", "curConfirm": "0", "cityCode": "122"}, {"city": "\u5883\u5916\u8f93\u5165", "confirmed": "14", "died": "", "crued": "14", "confirmedRelative": "0", "curConfirm": "0"}]}]